"candidate_key","record_kind","proposed_source_family_id","proposed_source_id","proposed_endpoint_id","parent_source_id","relationship_or_dedup","canonical_title","source_type","source_authority","source_status","publication_date_for_formal","version_label","content_fingerprint_for_formal","endpoint_type","endpoint_url","staged_or_existing_local_path","byte_count","sha256","page_count_or_html_title","fixedness","object_scope","source_level_screening_status","proposed_selected_role","proposed_selection_run_id","in_provisional_minimum_set","reverse_removal_condition","review_status","notes"
"CAND-GA100-WP-2020","existing_source_reuse","SFAM-M2NA-NVIDIA-AMPERE-WP-2020","SRC-M2NA-NVIDIA-AMPERE-WP-2020","END-M2NA-NVIDIA-AMPERE-WP-2020-LOCAL","","Existing formal family, source, and local endpoint; no new source row.","NVIDIA A100 Tensor Core GPU Architecture","architecture_whitepaper","first_party","current","","v1.0","sha256:3a800ad7668ec37037fa5870a8e3bb681b75f19668b3d11492ab9b0da0d58815","local_pdf","","论文/NVIDIA_GPU/90_官方白皮书与技术资料/2020_NVIDIA_A100_Architecture_Whitepaper.pdf","7979890","3a800ad7668ec37037fa5870a8e3bb681b75f19668b3d11492ab9b0da0d58815","82","fixed and formally registered","GA100 die direct facts plus Ampere architecture reuse; separate full GA100 from A100 enabled SKU","selected","core_spec","SELRUN-GA100-DIE-20260821-PROVISIONAL","yes","Required if the final GA100 set retains direct naming, N7, area, transistor, full-design resource, or A100-enabled-boundary facts.","draft","Reuse only. Existing source review_status is draft; this candidate does not change it."
"CAND-GA100-ISSCC-2021-LOCAL","new_source_and_endpoint","SFAM-NVIDIA-A100-ISSCC-2021","SRC-NVIDIA-A100-ISSCC-2021","END-NVIDIA-A100-ISSCC-2021-LOCAL","","New architecture-paper family and its fixed local content version.","The A100 Datacenter GPU and Ampere Architecture","architecture_paper","first_party","current","","ISSCC 2021; DOI 10.1109/ISSCC42613.2021.9365803","sha256:55765d2680678ba46045da1902496ddd3995d5964a5f0ef68a99362e2c43b601","local_pdf","","论文/NVIDIA_GPU/01_厂商直接架构论文/2021_A100_Datacenter_GPU_Ampere_ISSCC.pdf","463828","55765d2680678ba46045da1902496ddd3995d5964a5f0ef68a99362e2c43b601","3","fixed local PDF; venue year is known but exact formal publication_date is not filled","A100 die facts require the existing whitepaper or MIG identity chain to map them to GA100 die","selected","core_spec","SELRUN-GA100-DIE-20260821-PROVISIONAL","yes","Required if the final set retains the independent fixed implementation summary or die-photo cross-check; 54B must remain its own rounded assertion.","draft","Do not record 108 SM, 40 MB L2, HBM, clocks, or peak values as unconditional full-GA100 facts."
"CAND-GA100-ISSCC-2021-DOI","new_endpoint_only","SFAM-NVIDIA-A100-ISSCC-2021","SRC-NVIDIA-A100-ISSCC-2021","END-NVIDIA-A100-ISSCC-2021-DOI","SRC-NVIDIA-A100-ISSCC-2021","Publisher landing endpoint for the same fixed local ISSCC source; not another source.","The A100 Datacenter GPU and Ampere Architecture","architecture_paper","first_party","current","","ISSCC 2021; DOI 10.1109/ISSCC42613.2021.9365803","same content fingerprint as local PDF","doi_landing","https://doi.org/10.1109/ISSCC42613.2021.9365803","","","","DOI landing","stable persistent-work endpoint; content bytes not captured here","same as parent source","selected","core_spec","SELRUN-GA100-DIE-20260821-PROVISIONAL","yes","Same as the local endpoint; DOI alone must not be counted as additional support.","draft","Retain the resolved publisher URL and access date at formal merge."
"CAND-GA100-IEEE-MICRO-2021-LOCAL","new_source_and_endpoint","SFAM-NVIDIA-A100-IEEE-MICRO-2021","SRC-NVIDIA-A100-IEEE-MICRO-2021","END-NVIDIA-A100-IEEE-MICRO-2021-LOCAL","","New IEEE Micro article family and fixed standalone article version.","NVIDIA A100 Tensor Core GPU: Performance and Innovation","architecture_paper","first_party","current","2021-02-23","IEEE Micro 41(2); article current version 2021-03-26; DOI 10.1109/MM.2021.3061394","sha256:96a0f9053da3c3978f907ee1fee324913bd6b600fec96137738b407e400d700d","local_pdf","","论文/NVIDIA_GPU/01_厂商直接架构论文/2021_NVIDIA_A100_Tensor_Core_GPU_Performance_and_Innovation.pdf","3058075","96a0f9053da3c3978f907ee1fee324913bd6b600fec96137738b407e400d700d","7","fixed local PDF","A100 enabled implementation and Ampere mechanisms; no direct GA100 codename","lead_only","architecture_mechanism","SELRUN-GA100-DIE-20260821-PROVISIONAL","no","Promote only if final facts retain the CUDA API to L2 pattern-gated Compute Data Compression chain and no fixed CUDA document covers it.","draft","Most physical, peak, NVLink, MIG, and async-copy claims are covered more completely by the whitepaper."
"CAND-GA100-IEEE-MICRO-2021-DOI","new_endpoint_only","SFAM-NVIDIA-A100-IEEE-MICRO-2021","SRC-NVIDIA-A100-IEEE-MICRO-2021","END-NVIDIA-A100-IEEE-MICRO-2021-DOI","SRC-NVIDIA-A100-IEEE-MICRO-2021","Persistent DOI endpoint for the same article.","NVIDIA A100 Tensor Core GPU: Performance and Innovation","architecture_paper","first_party","current","2021-02-23","IEEE Micro 41(2); DOI 10.1109/MM.2021.3061394","same content fingerprint as local PDF","doi_landing","https://doi.org/10.1109/MM.2021.3061394","","","","DOI landing","stable persistent-work endpoint; content bytes not captured here","same as parent source","lead_only","architecture_mechanism","SELRUN-GA100-DIE-20260821-PROVISIONAL","no","Same as the local endpoint.","draft","Not independent from NVIDIA whitepaper or ISSCC authorship."
"CAND-GA100-IEEE-MICRO-2021-FULL-ISSUE","duplicate_container_endpoint","","","END-NVIDIA-A100-IEEE-MICRO-2021-FULL-ISSUE-CONTAINER","SRC-NVIDIA-A100-IEEE-MICRO-2021","The A100 article at full-issue PDF pp.31-37 is byte-identical to the standalone 7-page article; it is a container only.","IEEE Micro 41(2) full issue containing NVIDIA A100 Tensor Core GPU: Performance and Innovation","other","peer_reviewed","current","","41(2) full issue","sha256:30b20043ef9d8f36e77f7ff397110088987a4c815aa67077cf7ce7854441bdae","local_pdf","","论文/NVIDIA_GPU/90_官方白皮书与技术资料/2021_IEEE_Micro_41_2_full_issue_source.pdf","","30b20043ef9d8f36e77f7ff397110088987a4c815aa67077cf7ce7854441bdae","92","fixed local container","Only pp.31-37 duplicate the parent article; remaining issue is unrelated to GA100","","","","no","Never creates a second content version, source, assertion, or selection member; retain only for article recovery or page context.","draft","redundant_covered is the endpoint-container disposition, not source screening; article-page byte equivalence has been checked by prior differential reading."
"CAND-GA100-HPEC22-ARXIV-V1-LOCAL","new_source_and_endpoint","SFAM-NVIDIA-AMPERE-MICROBENCH-2022","SRC-NVIDIA-AMPERE-MICROBENCH-ARXIV-V1-2022","END-NVIDIA-AMPERE-MICROBENCH-ARXIV-V1-LOCAL","","Fixed arXiv v1 content version; the related HPEC publication is not yet proven content-equivalent.","Demystifying the NVIDIA Ampere Architecture through Microbenchmarking and Instruction-level Analysis","microbenchmark","independent_measurement","current","2022-08-23","arXiv:2208.11174v1; HPEC 2022 publication relation unverified","sha256:86013d806532a281e7878415cc1a55aa426f8fbd8ae0e9dc02285882fbdd8227","local_pdf","","论文/NVIDIA_GPU/02_独立逆向与微基准/2022_Demystifying_NVIDIA_Ampere_Architecture.pdf","285169","86013d806532a281e7878415cc1a55aa426f8fbd8ae0e9dc02285882fbdd8227","8","fixed local preprint","A100-family test object; exact SKU, CUDA, driver, frequency, power, and final publisher-version equivalence are not reported","selected","independent_validation","SELRUN-GA100-DIE-20260821-PROVISIONAL","conditional","Required only if final facts retain a valid PTX-to-SASS mapping, dense WMMA Tile, or condition-labeled L1/L2/shared-memory cycle measurement.","draft","Do not use background 124 SM, product identity, or unqualified A100 performance values."
"CAND-GA100-HPEC22-ARXIV-V1-REMOTE","new_endpoint_only","SFAM-NVIDIA-AMPERE-MICROBENCH-2022","SRC-NVIDIA-AMPERE-MICROBENCH-ARXIV-V1-2022","END-NVIDIA-AMPERE-MICROBENCH-ARXIV-V1-ARXIV","SRC-NVIDIA-AMPERE-MICROBENCH-ARXIV-V1-2022","arXiv endpoint for the local v1; not a publisher-final endpoint.","Demystifying the NVIDIA Ampere Architecture through Microbenchmarking and Instruction-level Analysis","microbenchmark","independent_measurement","current","2022-08-23","arXiv:2208.11174v1","same content fingerprint as local PDF","pdf_direct","https://arxiv.org/pdf/2208.11174","","","","arXiv PDF","fixed local v1 is the evidence copy","same as parent source","selected","independent_validation","SELRUN-GA100-DIE-20260821-PROVISIONAL","conditional","Same as the local endpoint.","draft","The publisher DOI 10.1109/HPEC55821.2022.9926299 remains a separate, unverified related-version lead."
"CAND-GA100-HPEC22-PUBLISHER-VERSION-LEAD","lead_not_registered","SFAM-NVIDIA-AMPERE-MICROBENCH-2022","","","SRC-NVIDIA-AMPERE-MICROBENCH-ARXIV-V1-2022","Related HPEC publication identity only; do not attach its DOI to the arXiv v1 source until content equivalence is checked.","Demystifying the NVIDIA Ampere Architecture through Microbenchmarking and Instruction-level Analysis","microbenchmark","peer_reviewed","pending_verification","","HPEC 2022; DOI 10.1109/HPEC55821.2022.9926299","pending publisher-version comparison","doi_landing","https://doi.org/10.1109/HPEC55821.2022.9926299","","","","HPEC publisher landing","unfixed for this task","Related venue record, not a confirmed content version","lead_only","","","no","No selection role until a legal fixed publisher copy is compared to arXiv v1.","draft","No download is proposed in this task."
"CAND-GA100-HPEC22-TABLEIII-UNIT","claim_rejection","SFAM-NVIDIA-AMPERE-MICROBENCH-2022","SRC-NVIDIA-AMPERE-MICROBENCH-ARXIV-V1-2022","","","Claim-level rejection only; it does not reject the source's instruction and latency observations.","Table III throughput-unit normalization","microbenchmark","independent_measurement","current","2022-08-23","arXiv:2208.11174v1","same content fingerprint as parent","other","","","","","PDF p.6 Table III","fixed source but conflicting reported unit","A100-family measured claim","selected","independent_validation","SELRUN-GA100-DIE-20260821-PROVISIONAL","conditional","Do not replace the reported GB/s label with TFLOPS/TOPS without a stronger correction source.","draft","rejected_unreliable is the claim disposition, not source screening; keep the original table only as an auditable rejected claim."
"CAND-GA100-RANDOM-ACCESS-2024-LOCAL","new_source_and_endpoint","SFAM-NVIDIA-A100-RANDOM-ACCESS-2024","SRC-NVIDIA-A100-RANDOM-ACCESS-ARXIV-V1-2024","END-NVIDIA-A100-RANDOM-ACCESS-ARXIV-V1-LOCAL","","Fixed arXiv v1 content version.","Enabling Full-Speed Random Access to the Entire Memory on the A100 GPU","microbenchmark","independent_measurement","current","2024-05-19","arXiv:2405.11425v1","sha256:6ca888b92691f06de9d5d15b268f2e2c738c9f0ef44441e6fd785f65a113a8a9","local_pdf","","论文/NVIDIA_GPU/02_独立逆向与微基准/2024_A100_Full_Speed_Random_Access_Memory.pdf","587055","6ca888b92691f06de9d5d15b268f2e2c738c9f0ef44441e6fd785f65a113a8a9","6","fixed local preprint","A100 SXM4 80GB conditional measurement; driver, CUDA, frequency, power, statistic method, and raw data absent","selected","independent_validation","SELRUN-GA100-DIE-20260821-PROVISIONAL","conditional","Required only if final facts retain direct observations of the roughly 64 GB window/cliff and group-to-chunk mitigation; author TLB explanation must be a separate inference assertion.","draft","Not a general GA100 HBM bandwidth, TLB-count, or 14-group specification."
"CAND-GA100-RANDOM-ACCESS-2024-REMOTE","new_endpoint_only","SFAM-NVIDIA-A100-RANDOM-ACCESS-2024","SRC-NVIDIA-A100-RANDOM-ACCESS-ARXIV-V1-2024","END-NVIDIA-A100-RANDOM-ACCESS-ARXIV-V1-ARXIV","SRC-NVIDIA-A100-RANDOM-ACCESS-ARXIV-V1-2024","arXiv endpoint for the fixed local v1.","Enabling Full-Speed Random Access to the Entire Memory on the A100 GPU","microbenchmark","independent_measurement","current","2024-05-19","arXiv:2405.11425v1","same content fingerprint as local PDF","pdf_direct","https://arxiv.org/pdf/2405.11425","","","","arXiv PDF","fixed local v1 is the evidence copy","same as parent source","selected","independent_validation","SELRUN-GA100-DIE-20260821-PROVISIONAL","conditional","Same as the local endpoint.","draft","No verified conference or journal version is claimed."
"CAND-GA100-RAS-2023-PDF-LOCAL","new_source_and_endpoint","SFAM-NVIDIA-GPU-MEMORY-ERROR-MGMT","SRC-NVIDIA-GPU-MEM-ERROR-MGMT-DA-09826-002-V001","END-NVIDIA-GPU-MEM-ERROR-MGMT-DA-09826-002-V001-LOCAL","","Fixed June 2023 application-note content version.","NVIDIA GPU Memory Error Management","developer_documentation","first_party","superseded","","DA-09826-002_v001; June 2023","sha256:5d484fe6ce3b577cfbdd378ebf6b3cf3eb18cedc0ec99ec557832bad424306d4","local_pdf","","审计/子代理交接/r1_ga100_source_staging/downloads/nvidia-gpu-mem-error-mgmt-DA-09826-002_v001.pdf","352370","5d484fe6ce3b577cfbdd378ebf6b3cf3eb18cedc0ec99ec557832bad424306d4","16","fixed staged PDF; formal merge must relocate or copy under an approved source-pool transaction","GA100 memory-RAS mechanisms and A100/GA100 framebuffer recovery boundary","selected","architecture_mechanism","SELRUN-GA100-DIE-20260821-PROVISIONAL","yes","Required if final facts retain GA100 error containment, dynamic page offlining, row remapping, reset, or recovery-process evidence.","draft","Publication month is known; no exact publication day is invented. Later R595 is a same-family revision, not independent evidence."
"CAND-GA100-RAS-2023-PDF-REMOTE","new_endpoint_only","SFAM-NVIDIA-GPU-MEMORY-ERROR-MGMT","SRC-NVIDIA-GPU-MEM-ERROR-MGMT-DA-09826-002-V001","END-NVIDIA-GPU-MEM-ERROR-MGMT-DA-09826-002-V001-PUBLISHER","SRC-NVIDIA-GPU-MEM-ERROR-MGMT-DA-09826-002-V001","Official retrieval URL for the June 2023 local PDF; future retrieval must match the local hash and must not assume the non-versioned remote filename is immutable.","NVIDIA GPU Memory Error Management","developer_documentation","first_party","superseded","","DA-09826-002_v001; June 2023","same content fingerprint as local PDF","pdf_direct","https://docs.nvidia.com/deploy/pdf/nvidia-gpu-mem-error-mgmt.pdf","","","","publisher PDF URL","local PDF is the fixed evidence copy","same as parent source","selected","architecture_mechanism","SELRUN-GA100-DIE-20260821-PROVISIONAL","yes","Same as the local endpoint.","draft","At formal registration, record the verified access date and preserve remote-versus-local hash result."
"CAND-GA100-RAS-R595-SUPPORTED","new_source_and_endpoint","SFAM-NVIDIA-GPU-MEMORY-ERROR-MGMT","SRC-NVIDIA-GPU-MEM-ERROR-MGMT-R595","END-NVIDIA-GPU-MEM-ERROR-MGMT-R595-SUPPORTED","","One endpoint of one R595 snapshot collection; the six chapter snapshots remain one source version for selection purposes.","NVIDIA GPU Memory Error Management","developer_documentation","first_party","current","","R595 snapshot 2026-08-21","manifest-sha256:40a8e5b6617b2f70c85947e1134d60f3766d705509f9344bc77d797767053d4c","web_snapshot","https://docs.nvidia.com/deploy/a100-gpu-mem-error-mgmt/595/supported-gpus.html","审计/子代理交接/r1_ga100_source_staging/downloads/ras-r595-supported-gpus.html","16575","4813fafec19b1508358bc0aedfcbd212e0f4695770a39fa0b3b75f1e8fc7c44f","Supported GPUs — NVIDIA GPU Memory Error Management","fixed local HTML snapshot","GA100 support matrix and no-RAS-Repair boundary","selected","conflict_evidence","SELRUN-GA100-DIE-20260821-PROVISIONAL","conditional","Required only if final facts keep the GA100-specific RAS Repair exclusion or a current support-matrix version boundary.","draft","Do not count this source family as an independent confirmation of the June 2023 PDF."
"CAND-GA100-RAS-R595-CONTAINMENT","new_endpoint_only","SFAM-NVIDIA-GPU-MEMORY-ERROR-MGMT","SRC-NVIDIA-GPU-MEM-ERROR-MGMT-R595","END-NVIDIA-GPU-MEM-ERROR-MGMT-R595-CONTAINMENT","SRC-NVIDIA-GPU-MEM-ERROR-MGMT-R595","Chapter endpoint within the same R595 source version.","NVIDIA GPU Memory Error Management","developer_documentation","first_party","current","","R595 snapshot 2026-08-21","same R595 manifest fingerprint","web_snapshot","https://docs.nvidia.com/deploy/a100-gpu-mem-error-mgmt/595/error-containment.html","审计/子代理交接/r1_ga100_source_staging/downloads/ras-r595-error-containment.html","16326","d50618920ae48febbf894af8aa4455d6af541e794a8068996ca6d44980bbfbd5","Error Containment — NVIDIA GPU Memory Error Management","fixed local HTML snapshot","GA100 contained and uncontained UCE boundary","selected","conflict_evidence","SELRUN-GA100-DIE-20260821-PROVISIONAL","conditional","Only alongside the parent R595 source if current version wording is a retained fact.","draft","No additional source or selection member."
"CAND-GA100-RAS-R595-DPO","new_endpoint_only","SFAM-NVIDIA-GPU-MEMORY-ERROR-MGMT","SRC-NVIDIA-GPU-MEM-ERROR-MGMT-R595","END-NVIDIA-GPU-MEM-ERROR-MGMT-R595-DPO","SRC-NVIDIA-GPU-MEM-ERROR-MGMT-R595","Chapter endpoint within the same R595 source version.","NVIDIA GPU Memory Error Management","developer_documentation","first_party","current","","R595 snapshot 2026-08-21","same R595 manifest fingerprint","web_snapshot","https://docs.nvidia.com/deploy/a100-gpu-mem-error-mgmt/595/dynamic-page-offlining.html","审计/子代理交接/r1_ga100_source_staging/downloads/ras-r595-dynamic-page-offlining.html","16144","39e16e20f234e40f666a4d79a8acc2bd28eae06a8fc577cbe523c06bcff2d4e3","Dynamic Page Offlining — NVIDIA GPU Memory Error Management","fixed local HTML snapshot","GA100 plus driver framebuffer-page recovery","selected","conflict_evidence","SELRUN-GA100-DIE-20260821-PROVISIONAL","conditional","Only alongside the parent R595 source if current version wording is a retained fact.","draft","Do not describe this driver-assisted function as autonomous on-die repair."
"CAND-GA100-RAS-R595-ROW-REMAP","new_endpoint_only","SFAM-NVIDIA-GPU-MEMORY-ERROR-MGMT","SRC-NVIDIA-GPU-MEM-ERROR-MGMT-R595","END-NVIDIA-GPU-MEM-ERROR-MGMT-R595-ROW-REMAP","SRC-NVIDIA-GPU-MEM-ERROR-MGMT-R595","Chapter endpoint within the same R595 source version.","NVIDIA GPU Memory Error Management","developer_documentation","first_party","current","","R595 snapshot 2026-08-21","same R595 manifest fingerprint","web_snapshot","https://docs.nvidia.com/deploy/a100-gpu-mem-error-mgmt/595/row-remapping.html","审计/子代理交接/r1_ga100_source_staging/downloads/ras-r595-row-remapping.html","17904","7473e17f6c97e8d9d616faf72efdf41cc142e47216a7d5278fa8651b93fbd7f6","Row Remapping — NVIDIA GPU Memory Error Management","fixed local HTML snapshot","GA100/A100 framebuffer plus HBM spare-row recovery process","selected","conflict_evidence","SELRUN-GA100-DIE-20260821-PROVISIONAL","conditional","Only alongside the parent R595 source if current version wording is a retained fact.","draft","Reset and external HBM boundary must remain conditions."
"CAND-GA100-RAS-R595-CONTAINED-UCE-RESPONSE","new_endpoint_only","SFAM-NVIDIA-GPU-MEMORY-ERROR-MGMT","SRC-NVIDIA-GPU-MEM-ERROR-MGMT-R595","END-NVIDIA-GPU-MEM-ERROR-MGMT-R595-CONTAINED-UCE-RESPONSE","SRC-NVIDIA-GPU-MEM-ERROR-MGMT-R595","Chapter endpoint within the same R595 source version.","NVIDIA GPU Memory Error Management","developer_documentation","first_party","current","","R595 snapshot 2026-08-21","same R595 manifest fingerprint","web_snapshot","https://docs.nvidia.com/deploy/a100-gpu-mem-error-mgmt/595/response-to-uncorrectable-contained-ecc-errors.html","审计/子代理交接/r1_ga100_source_staging/downloads/ras-r595-contained-uce-response.html","17041","cab5cfc6c98e76b24e5320cb0d323e7e103b97776a04e442ae8eeaf622bc9704","Response to Uncorrectable Contained ECC Errors — NVIDIA GPU Memory Error Management","fixed local HTML snapshot","GA100 driver recovery process for contained UCE","selected","conflict_evidence","SELRUN-GA100-DIE-20260821-PROVISIONAL","conditional","Only alongside the parent R595 source if current version wording is a retained fact.","draft","Keep recovery as an ordered device, driver, and service-window process."
"CAND-GA100-RAS-R595-REPAIR","new_endpoint_only_claim_out_of_scope","SFAM-NVIDIA-GPU-MEMORY-ERROR-MGMT","SRC-NVIDIA-GPU-MEM-ERROR-MGMT-R595","END-NVIDIA-GPU-MEM-ERROR-MGMT-R595-REPAIR","SRC-NVIDIA-GPU-MEM-ERROR-MGMT-R595","Chapter endpoint within the same R595 source version; it is an exclusion record, not a new positive source.","NVIDIA GPU Memory Error Management","developer_documentation","first_party","current","","R595 snapshot 2026-08-21","same R595 manifest fingerprint","web_snapshot","https://docs.nvidia.com/deploy/a100-gpu-mem-error-mgmt/595/hbm-channel-repair.html","审计/子代理交接/r1_ga100_source_staging/downloads/ras-r595-gpu-memory-repair.html","17169","9a44db8d6ab692c7fd1833e05cc42ee45a8012d75c3479a4d8917955cef03389","RAS Repair — NVIDIA GPU Memory Error Management","fixed local HTML snapshot","Blackwell-only repair capability; GA100 uses it only as an exclusion boundary","selected","conflict_evidence","SELRUN-GA100-DIE-20260821-PROVISIONAL","conditional","A positive GA100 claim for DRAM channel swap, L2 slice swap, or XID 160 repair is out of scope and must be rejected; promote parent R595 only for an explicit exclusion fact.","draft","out_of_scope is the positive-claim disposition, not source screening; no additional source or selection member."
"CAND-GA100-CUDA-PG-11-0-LOCAL","new_source_and_endpoint","SFAM-NVIDIA-CUDA-C-PROGRAMMING-GUIDE","SRC-NVIDIA-CUDA-C-PROGRAMMING-GUIDE-11-0","END-NVIDIA-CUDA-C-PROGRAMMING-GUIDE-11-0-LOCAL","","Fixed CUDA C++ Programming Guide content version; later revisions belong to the same revision series.","CUDA C++ Programming Guide","developer_documentation","first_party","superseded","","PG-02829-001_v11.0; August 2020; CUDA Toolkit 11.0.3","sha256:af4235e08e4ebb0f7651896db7ed05344f5e4ae6e9ce5da3cba3bc5ec6c69174","local_pdf","","审计/子代理交接/r1_ga100_source_staging/downloads/cuda-c-programming-guide-11.0.pdf","4252150","af4235e08e4ebb0f7651896db7ed05344f5e4ae6e9ce5da3cba3bc5ec6c69174","405","fixed staged PDF; title and author NVIDIA verified","CUDA API semantics for CC 8.0/A100-enabled GA100 behavior; not a disclosure of GA100 physical implementation","selected","architecture_mechanism","SELRUN-GA100-DIE-20260821-PROVISIONAL","conditional","Required only if final facts retain CUDA 11.0 introduction or experimental status, async-copy API constraints, L2 policy, or MIG-mode set-aside limitation.","draft","No exact publication day is invented from the August 2020 cover."
"CAND-GA100-PTX-ISA-7-0-LOCAL","new_source_and_endpoint","SFAM-NVIDIA-PTX-ISA","SRC-NVIDIA-PTX-ISA-7-0","END-NVIDIA-PTX-ISA-7-0-LOCAL","","Earlier fixed revision in one PTX ISA revision series; it is not independent confirmation of v7.2.","Parallel Thread Execution ISA","api_or_isa_documentation","first_party","superseded","","v7.0; August 2020; CUDA Toolkit 11.0.3","sha256:a79f4e074eb8f03314025c690ec51fbb79231e35bde612a60d50f4f8ec31f924","local_pdf","","审计/子代理交接/r1_ga100_source_staging/downloads/ptx-isa-7.0.pdf","4107461","a79f4e074eb8f03314025c690ec51fbb79231e35bde612a60d50f4f8ec31f924","414","fixed staged PDF; title and author NVIDIA verified","Generic PTX SIMT model and sm_80 instruction semantics; GA100 physical scheduler and engine internals remain unproven","lead_only","status_version_evidence","SELRUN-GA100-DIE-20260821-PROVISIONAL","no","Promote only if final facts need the v7.0/CUDA 11.0 introduction or SIMT/cp.async/mbarrier release-boundary evidence not fully carried by the selected v7.2 record.","draft","PTX is a virtual ISA; do not infer native opcode encoding, pipeline depth, queue depth, or unit count."
"CAND-GA100-PTX-ISA-7-2-LOCAL","new_source_and_endpoint","SFAM-NVIDIA-PTX-ISA","SRC-NVIDIA-PTX-ISA-7-2","END-NVIDIA-PTX-ISA-7-2-LOCAL","","Later fixed revision in the same PTX ISA family; it retains prior semantics and adds sparse-MMA documentation.","Parallel Thread Execution ISA","api_or_isa_documentation","first_party","superseded","2021-02-09","v7.2; February 2021; CUDA Toolkit 11.2.1","sha256:9a89c6817d1fd0d3b6357aaf71fbf3c29d08d9c4e12b5eaa6c851297b7d18b97","local_pdf","","审计/子代理交接/r1_ga100_source_staging/downloads/ptx-isa-7.2.pdf","3931305","9a89c6817d1fd0d3b6357aaf71fbf3c29d08d9c4e12b5eaa6c851297b7d18b97","433","fixed staged PDF; title and author NVIDIA verified","Ampere/GA100 software-visible sparse MMA and metadata path at sm_80+; not physical Tensor Core or selector RTL","selected","architecture_mechanism","SELRUN-GA100-DIE-20260821-PROVISIONAL","conditional","Required only if final facts retain mma.sp metadata, datatype-specific sparse granularity, target-ISA restriction, or warp-uniform requirement.","draft","PTX 7.1 is the instruction introduction point cited inside v7.2; do not register v7.2 as the first introduction."
"CAND-GA100-MIG-610-SUPPORTED-GPUS","new_source_and_endpoint","SFAM-NVIDIA-MIG-USER-GUIDE","SRC-NVIDIA-MIG-USER-GUIDE-610","END-NVIDIA-MIG-USER-GUIDE-610-SUPPORTED-GPUS","","One endpoint in the single version-610 snapshot collection; source identity is bound by the fixed bundle manifest.","NVIDIA Multi-Instance GPU User Guide","developer_documentation","first_party","current","","version 610; snapshot 2026-08-21","manifest-sha256:db5c3ac2017d7e40d4f4fa9e82e484166e3a7ee64f1ddd904a7c6b4b696fc91b","web_snapshot","https://docs.nvidia.com/datacenter/tesla/mig-user-guide/latest/supported-gpus.html","审计/子代理交接/r1_ga100_source_staging/downloads/mig-user-guide-610/supported-gpus.html","20324","dbb01db2b63712d275812034d115b58deda6d45d01ec2a50617d92b663a3550f","Supported GPUs, NVIDIA Multi-Instance GPU User Guide","fixed local HTML snapshot; expected article and GA100/A100 table verified","A100-SXM4 and A100-PCIe product mapping to GA100 and CC 8.0; A100 capacities and max instances remain product configuration","selected","identity","SELRUN-GA100-DIE-20260821-PROVISIONAL","conditional","Required if final facts retain the official GA100/A100 product mapping or MIG support boundary.","draft","The manifest file itself is neither an endpoint nor an additional source; one support-table source cannot prove GA100 process, full-design resources, availability, or arbitrary MIG behavior."
"CAND-GA100-MIG-610-CONCEPTS","new_endpoint_only","SFAM-NVIDIA-MIG-USER-GUIDE","SRC-NVIDIA-MIG-USER-GUIDE-610","END-NVIDIA-MIG-USER-GUIDE-610-CONCEPTS","SRC-NVIDIA-MIG-USER-GUIDE-610","Chapter endpoint within the same MIG User Guide content version.","NVIDIA Multi-Instance GPU User Guide","developer_documentation","first_party","current","","version 610; snapshot 2026-08-21","same MIG bundle manifest fingerprint","web_snapshot","https://docs.nvidia.com/datacenter/tesla/mig-user-guide/latest/concepts.html","审计/子代理交接/r1_ga100_source_staging/downloads/mig-user-guide-610/concepts.html","33203","4413498cd49a04ef015dc0fd5bc96ac2c909dc35302b7a3625505ce30e4e9057","Concepts, NVIDIA Multi-Instance GPU User Guide","fixed local HTML snapshot; expected article verified","GPU Instance, Compute Instance, memory-QoS, fault-isolation, and shared-engine software-visible behavior","selected","identity","SELRUN-GA100-DIE-20260821-PROVISIONAL","conditional","Only alongside the parent source when final virtualization facts retain this documented behavior.","draft","Do not infer internal queue, context-save state, scheduling latency, or QoS numerical guarantee."
"CAND-GA100-MIG-610-VIRTUALIZATION","new_endpoint_only","SFAM-NVIDIA-MIG-USER-GUIDE","SRC-NVIDIA-MIG-USER-GUIDE-610","END-NVIDIA-MIG-USER-GUIDE-610-VIRTUALIZATION","SRC-NVIDIA-MIG-USER-GUIDE-610","Chapter endpoint within the same MIG User Guide content version.","NVIDIA Multi-Instance GPU User Guide","developer_documentation","first_party","current","","version 610; snapshot 2026-08-21","same MIG bundle manifest fingerprint","web_snapshot","https://docs.nvidia.com/datacenter/tesla/mig-user-guide/latest/virtualization.html","审计/子代理交接/r1_ga100_source_staging/downloads/mig-user-guide-610/virtualization.html","16229","9918d361afd314aa5833e9d79ea98679133204970274ecaa6a25b5658e750bb9","Virtualization, NVIDIA Multi-Instance GPU User Guide","fixed local HTML snapshot; expected article verified","MIG-backed vGPU and supported-hypervisor pass-through context","selected","identity","SELRUN-GA100-DIE-20260821-PROVISIONAL","conditional","Only alongside the parent source when final virtualization facts retain this documented behavior.","draft","This is software and deployment evidence, not proof of a GA100 hardware job scheduler."
"CAND-GA100-MIG-610-DEPLOYMENT","new_endpoint_only","SFAM-NVIDIA-MIG-USER-GUIDE","SRC-NVIDIA-MIG-USER-GUIDE-610","END-NVIDIA-MIG-USER-GUIDE-610-DEPLOYMENT","SRC-NVIDIA-MIG-USER-GUIDE-610","Chapter endpoint within the same MIG User Guide content version.","NVIDIA Multi-Instance GPU User Guide","developer_documentation","first_party","current","","version 610; snapshot 2026-08-21","same MIG bundle manifest fingerprint","web_snapshot","https://docs.nvidia.com/datacenter/tesla/mig-user-guide/latest/deployment-considerations.html","审计/子代理交接/r1_ga100_source_staging/downloads/mig-user-guide-610/deployment-considerations.html","21560","fd8e343f987aada7902d700a083f8b3e0682ee483153d45ddf0de70431219870","Deployment Considerations, NVIDIA Multi-Instance GPU User Guide","fixed local HTML snapshot; expected article verified","Documented A100/A30 deployment, reset, and management constraints","selected","identity","SELRUN-GA100-DIE-20260821-PROVISIONAL","conditional","Only alongside the parent source when final virtualization/deployment limitations retain this documented behavior.","draft","Dynamic page wording is bounded to this snapshot; do not silently adopt later driver requirements."
"CAND-GA100-MIG-610-VERSION-METADATA","new_endpoint_only","SFAM-NVIDIA-MIG-USER-GUIDE","SRC-NVIDIA-MIG-USER-GUIDE-610","END-NVIDIA-MIG-USER-GUIDE-610-VERSION-METADATA","SRC-NVIDIA-MIG-USER-GUIDE-610","Snapshot metadata confirms version 610 is preferred; it is not a second source.","NVIDIA Multi-Instance GPU User Guide version metadata","developer_documentation","first_party","current","","version 610; snapshot 2026-08-21","same MIG bundle manifest fingerprint","other","https://docs.nvidia.com/datacenter/tesla/mig-user-guide/versions1.json","审计/子代理交接/r1_ga100_source_staging/downloads/mig-user-guide-610/versions1.json","146","367b813259e27664930dbdd1a3b95334256cd65ac0f6ebc0381ffa0756757c7e","JSON: name=610; version=610; preferred=true","fixed local JSON snapshot","Source-version metadata only","selected","identity","SELRUN-GA100-DIE-20260821-PROVISIONAL","conditional","Supports reproducible source-version labeling only; never increases independent evidence.","draft","Endpoint type other is an existing controlled enum value."
"CAND-GA100-MIG-610-INTRODUCTION","new_endpoint_only","SFAM-NVIDIA-MIG-USER-GUIDE","SRC-NVIDIA-MIG-USER-GUIDE-610","END-NVIDIA-MIG-USER-GUIDE-610-INTRODUCTION","SRC-NVIDIA-MIG-USER-GUIDE-610","Chapter endpoint included in the fixed bundle for one MIG User Guide content version.","NVIDIA Multi-Instance GPU User Guide","developer_documentation","first_party","current","","version 610; snapshot 2026-08-21","manifest-sha256:db5c3ac2017d7e40d4f4fa9e82e484166e3a7ee64f1ddd904a7c6b4b696fc91b","web_snapshot","https://docs.nvidia.com/datacenter/tesla/mig-user-guide/latest/introduction.html","审计/子代理交接/r1_ga100_source_staging/downloads/mig-user-guide-610/introduction.html","18232","970cf62e3a98556a48a8298401a45a3b12e22c072676bc8b587186cb87e9f3e0","Introduction, NVIDIA Multi-Instance GPU User Guide","fixed local HTML snapshot; expected article verified","Guide overview and terminology only; no independent GA100 physical fact","selected","identity","SELRUN-GA100-DIE-20260821-PROVISIONAL","conditional","Only alongside the parent source if a final fact needs the guide's stated scope or terminology.","draft","Included because the source fingerprint covers the full bundle; no additional source or selection member."
"CAND-GA100-MIG-610-SUPPORTED-CONFIGURATIONS","new_endpoint_only","SFAM-NVIDIA-MIG-USER-GUIDE","SRC-NVIDIA-MIG-USER-GUIDE-610","END-NVIDIA-MIG-USER-GUIDE-610-SUPPORTED-CONFIGURATIONS","SRC-NVIDIA-MIG-USER-GUIDE-610","Chapter endpoint included in the fixed bundle for one MIG User Guide content version.","NVIDIA Multi-Instance GPU User Guide","developer_documentation","first_party","current","","version 610; snapshot 2026-08-21","manifest-sha256:db5c3ac2017d7e40d4f4fa9e82e484166e3a7ee64f1ddd904a7c6b4b696fc91b","web_snapshot","https://docs.nvidia.com/datacenter/tesla/mig-user-guide/latest/supported-configurations.html","审计/子代理交接/r1_ga100_source_staging/downloads/mig-user-guide-610/supported-configurations.html","15605","6842dbd29461b60e346cfabe269e00adce7c9ea1c1088491d1fcdfa9d86b7624","Supported Configurations, NVIDIA Multi-Instance GPU User Guide","fixed local HTML snapshot; expected article verified","Product, driver, OS, virtualization, and deployment configuration conditions","selected","identity","SELRUN-GA100-DIE-20260821-PROVISIONAL","conditional","Only alongside the parent source if a final fact retains a documented configuration condition.","draft","A configuration condition is not a full-GA100 property; no additional source or selection member."
"CAND-GA100-MIG-610-GETTING-STARTED","new_endpoint_only","SFAM-NVIDIA-MIG-USER-GUIDE","SRC-NVIDIA-MIG-USER-GUIDE-610","END-NVIDIA-MIG-USER-GUIDE-610-GETTING-STARTED","SRC-NVIDIA-MIG-USER-GUIDE-610","Chapter endpoint included in the fixed bundle for one MIG User Guide content version.","NVIDIA Multi-Instance GPU User Guide","developer_documentation","first_party","current","","version 610; snapshot 2026-08-21","manifest-sha256:db5c3ac2017d7e40d4f4fa9e82e484166e3a7ee64f1ddd904a7c6b4b696fc91b","web_snapshot","https://docs.nvidia.com/datacenter/tesla/mig-user-guide/latest/getting-started-with-mig.html","审计/子代理交接/r1_ga100_source_staging/downloads/mig-user-guide-610/getting-started-with-mig.html","91548","c7b6645eaa02601739adc78470e0963a02422f64ae46e2b1c470fac0cd95c9d2","Getting Started with MIG — NVIDIA Multi-Instance GPU User Guide","fixed local HTML snapshot; expected article verified","MIG enablement and instance-creation workflow; version-bound operational guidance","selected","identity","SELRUN-GA100-DIE-20260821-PROVISIONAL","conditional","Only alongside the parent source if a final fact retains this documented operational condition.","draft","Operational steps are not proof of full-GA100 physical implementation; no additional source or selection member."
"CAND-GA100-MIG-610-PROFILES","new_endpoint_only_product_condition","SFAM-NVIDIA-MIG-USER-GUIDE","SRC-NVIDIA-MIG-USER-GUIDE-610","END-NVIDIA-MIG-USER-GUIDE-610-PROFILES","SRC-NVIDIA-MIG-USER-GUIDE-610","Same source-version chapter: Table 12 covers A100 and Table 13 covers A30; these are product-profile conditions, not full-die facts.","NVIDIA Multi-Instance GPU User Guide","developer_documentation","first_party","current","","version 610; snapshot 2026-08-21","manifest-sha256:db5c3ac2017d7e40d4f4fa9e82e484166e3a7ee64f1ddd904a7c6b4b696fc91b","web_snapshot","https://docs.nvidia.com/datacenter/tesla/mig-user-guide/latest/supported-mig-profiles.html","审计/子代理交接/r1_ga100_source_staging/downloads/mig-user-guide-610/supported-mig-profiles.html","54090","9db72a775752aca20c2f0974945d902752df1cbccb619d191815548cc62dea6f","Supported MIG Profiles, NVIDIA Multi-Instance GPU User Guide","fixed local HTML snapshot; expected article and A100 Table 12/A30 Table 13 verified","A100-SXM4 40/80GB and A30 product profile conditions; neither capacity, 7-way/profile nor instance count is a full-GA100 constant","selected","identity","SELRUN-GA100-DIE-20260821-PROVISIONAL","conditional","Retain only if a final fact records an explicitly product-scoped A100/A30 profile condition; never use Table 12/13 to infer full-die partition count.","draft","Product-condition endpoint within the selected source; no additional source or selection member."
"CAND-GA100-SELRUN","selection_run_plan","","","","","Proposed run only; do not append it before final GA100 facts and source assertions are reviewed.","GA100 source selection run","other","unknown","pending_verification","2026-08-21","reverse-removal-v1; provisional","","other","","","","","SELRUN-GA100-DIE-20260821-PROVISIONAL","planned metadata","OBJ-NVIDIA-GA100-DIE","","","SELRUN-GA100-DIE-20260821-PROVISIONAL","provisional","Run against the accepted GA100 fact and assertion set; rerun after any fact, condition, relationship, or source change.","draft","This plan has no source-level screening status. Formal fields: scope_kind=object; scope_id=OBJ-NVIDIA-GA100-DIE; cutoff_date=2026-08-21; algorithm_version=reverse-removal-v1; status=draft; review_status=draft."
