"card_completeness_id","object_id","domain","completeness_status","assessed_date","assessor","review_status","notes"
"COMPLETE-M2W3-AMD-MI350P-IDENTITY","OBJ-AMD-MI350P","identity","partial","2026-08-13","m2_w3_mi350p_source_prep","draft","Vendor, family, name, SKU, PCIe card type, available status and CDNA 4 relation are supported; exact release and first-availability dates remain not_found."
"COMPLETE-M2W3-AMD-MI350P-PHYSICAL","OBJ-AMD-MI350P","physical","partial","2026-08-13","m2_w3_mi350p_source_prep","draft","Process, 73 billion transistors, four XCDs, one IOD, peak clock, maximum/configurable TBP, passive card cooling, FHFL dual-slot form and 4096-bit HBM interface are supported; HBM stack count and die area remain not_found."
"COMPLETE-M2W3-AMD-MI350P-COMPUTE","OBJ-AMD-MI350P","compute","partial","2026-08-13","m2_w3_mi350p_source_prep","draft","The exact product page publishes CU, Matrix Core, Stream Processor and matrix-peak rows; the fixed brochure directly labels three estimated vector-peak rows. No additive total-compute fact, per-CU derivation or sustained workload result is created."
"COMPLETE-M2W3-AMD-MI350P-NUMERICS","OBJ-AMD-MI350P","numerics","partial","2026-08-13","m2_w3_mi350p_source_prep","draft","Base and structured-sparsity rows are separated and INT8 remains OP/s. Performance labels do not establish A/B, product, accumulation, physical accumulation or output contracts, so no compute/bandwidth ratio is derived."
"COMPLETE-M2W3-AMD-MI350P-MEMORY","OBJ-AMD-MI350P","memory","partial","2026-08-13","m2_w3_mi350p_source_prep","draft","HBM3E capacity, vendor peak bandwidth, total interface width and LLC capacity are supported. Memory-bandwidth direction, HBM stack count, latency and lower product-level cache bandwidths are absent."
"COMPLETE-M2W3-AMD-MI350P-INTERCONNECT","OBJ-AMD-MI350P","interconnect","partial","2026-08-13","m2_w3_mi350p_source_prep","draft","PCIe Gen 5 x16 and a brochure-labeled 128 GB/s endpoint are supported. Direction, payload basis, sustained basis, additional device links and topology are not published for the card."
"COMPLETE-M2W3-AMD-MI350P-SPECIAL_ENGINES","OBJ-AMD-MI350P","special_engines","missing_public_data","2026-08-13","m2_w3_mi350p_source_prep","draft","No selected source identifies a MI350P-dedicated MoE routing, Top-K, sorting or sampling unit. No placeholder capability entity is created."
"COMPLETE-M2W3-AMD-MI350P-SOFTWARE","OBJ-AMD-MI350P","software","partial","2026-08-13","m2_w3_mi350p_source_prep","draft","AMD names ROCm and enterprise AI software, but the selected sources do not establish a versioned minimum runtime, compiler or library floor."
"COMPLETE-M2W3-AMD-MI350P-EVIDENCE","OBJ-AMD-MI350P","evidence","needs_review","2026-08-13","m2_w3_mi350p_source_prep","draft","Three-source reverse-removal set, 49 assertions and 12 completed no-result searches are staged. Final independent review and total-control acceptance have not occurred."
