"condition_set_id","condition_fingerprint","precision_path_id","sparsity_mode","sparsity_pattern","operation_type","operation_count_rule","performance_basis","support_level","power_mode","frequency_value","frequency_unit","software_version","workload_stage","bandwidth_direction","aggregation_scope","traffic_basis","measurement_scope","effective_date","review_status","notes"
"COND-NONE","none","","","","","","","","","","","","","","","","","","approved","无附加条件；只用于确实不受精度、稀疏、功耗、带宽口径、软件版本或时间版本影响的事实。"
"COND-NVIDIA-H100-FP8-DENSE","H100|PPATH-NVIDIA-H100-FP8|dense|theoretical_peak|1830MHz","PPATH-NVIDIA-H100-FP8","dense","","matrix_mma","fma_2_ops","theoretical_peak","hardware_peak_published","","1830","MHz","","not_specified","","per_endpoint","vendor_nameplate","per_object","","draft","Vendor theoretical peak for H100 SXM5; clock is retained where Table 3 states a path-specific peak clock."
"COND-NVIDIA-H100-FP8-SPARSE","H100|PPATH-NVIDIA-H100-FP8|structured_sparse|2:4|theoretical_peak|1830MHz","PPATH-NVIDIA-H100-FP8","structured_sparse","2:4 structured sparsity as represented by NVIDIA sparse Tensor Core peak","matrix_mma","fma_2_ops","theoretical_peak","hardware_peak_published","","1830","MHz","","not_specified","","per_endpoint","vendor_nameplate","per_object","","draft","Structured-sparse vendor peak; do not compare directly with dense peak."
"COND-NVIDIA-H100-FP16-TENSOR-DENSE","H100|PPATH-NVIDIA-H100-FP16-TENSOR|dense|theoretical_peak|1830MHz","PPATH-NVIDIA-H100-FP16-TENSOR","dense","","matrix_mma","fma_2_ops","theoretical_peak","hardware_peak_published","","1830","MHz","","not_specified","","per_endpoint","vendor_nameplate","per_object","","draft","Vendor theoretical peak for H100 SXM5; clock is retained where Table 3 states a path-specific peak clock."
"COND-NVIDIA-H100-FP16-TENSOR-SPARSE","H100|PPATH-NVIDIA-H100-FP16-TENSOR|structured_sparse|2:4|theoretical_peak|1830MHz","PPATH-NVIDIA-H100-FP16-TENSOR","structured_sparse","2:4 structured sparsity as represented by NVIDIA sparse Tensor Core peak","matrix_mma","fma_2_ops","theoretical_peak","hardware_peak_published","","1830","MHz","","not_specified","","per_endpoint","vendor_nameplate","per_object","","draft","Structured-sparse vendor peak; do not compare directly with dense peak."
"COND-NVIDIA-H100-BF16-TENSOR-DENSE","H100|PPATH-NVIDIA-H100-BF16-TENSOR|dense|theoretical_peak|1830MHz","PPATH-NVIDIA-H100-BF16-TENSOR","dense","","matrix_mma","fma_2_ops","theoretical_peak","hardware_peak_published","","1830","MHz","","not_specified","","per_endpoint","vendor_nameplate","per_object","","draft","Vendor theoretical peak for H100 SXM5; clock is retained where Table 3 states a path-specific peak clock."
"COND-NVIDIA-H100-BF16-TENSOR-SPARSE","H100|PPATH-NVIDIA-H100-BF16-TENSOR|structured_sparse|2:4|theoretical_peak|1830MHz","PPATH-NVIDIA-H100-BF16-TENSOR","structured_sparse","2:4 structured sparsity as represented by NVIDIA sparse Tensor Core peak","matrix_mma","fma_2_ops","theoretical_peak","hardware_peak_published","","1830","MHz","","not_specified","","per_endpoint","vendor_nameplate","per_object","","draft","Structured-sparse vendor peak; do not compare directly with dense peak."
"COND-NVIDIA-H100-TF32-DENSE","H100|PPATH-NVIDIA-H100-TF32|dense|theoretical_peak|1830MHz","PPATH-NVIDIA-H100-TF32","dense","","matrix_mma","fma_2_ops","theoretical_peak","hardware_peak_published","","1830","MHz","","not_specified","","per_endpoint","vendor_nameplate","per_object","","draft","Vendor theoretical peak for H100 SXM5; clock is retained where Table 3 states a path-specific peak clock."
"COND-NVIDIA-H100-TF32-SPARSE","H100|PPATH-NVIDIA-H100-TF32|structured_sparse|2:4|theoretical_peak|1830MHz","PPATH-NVIDIA-H100-TF32","structured_sparse","2:4 structured sparsity as represented by NVIDIA sparse Tensor Core peak","matrix_mma","fma_2_ops","theoretical_peak","hardware_peak_published","","1830","MHz","","not_specified","","per_endpoint","vendor_nameplate","per_object","","draft","Structured-sparse vendor peak; do not compare directly with dense peak."
"COND-NVIDIA-H100-FP64-TENSOR-DENSE","H100|PPATH-NVIDIA-H100-FP64-TENSOR|dense|theoretical_peak|1980MHz","PPATH-NVIDIA-H100-FP64-TENSOR","dense","","matrix_mma","fma_2_ops","theoretical_peak","hardware_peak_published","","1980","MHz","","not_specified","","per_endpoint","vendor_nameplate","per_object","","draft","Vendor theoretical peak for H100 SXM5; clock is retained where Table 3 states a path-specific peak clock."
"COND-NVIDIA-H100-INT8-DENSE","H100|PPATH-NVIDIA-H100-INT8|dense|theoretical_peak|1830MHz","PPATH-NVIDIA-H100-INT8","dense","","matrix_mma","vendor_label","theoretical_peak","hardware_peak_published","","1830","MHz","","not_specified","","per_endpoint","vendor_nameplate","per_object","","draft","Vendor theoretical peak for H100 SXM5; clock is retained where Table 3 states a path-specific peak clock."
"COND-NVIDIA-H100-INT8-SPARSE","H100|PPATH-NVIDIA-H100-INT8|structured_sparse|2:4|theoretical_peak|1830MHz","PPATH-NVIDIA-H100-INT8","structured_sparse","2:4 structured sparsity as represented by NVIDIA sparse Tensor Core peak","matrix_mma","vendor_label","theoretical_peak","hardware_peak_published","","1830","MHz","","not_specified","","per_endpoint","vendor_nameplate","per_object","","draft","Structured-sparse vendor peak; do not compare directly with dense peak."
"COND-NVIDIA-H100-FP16-CUDA-DENSE","H100|PPATH-NVIDIA-H100-FP16-CUDA|dense|theoretical_peak","PPATH-NVIDIA-H100-FP16-CUDA","dense","","vector_fma","fma_2_ops","theoretical_peak","hardware_peak_published","","","","","not_specified","","per_endpoint","vendor_nameplate","per_object","","draft","Vendor theoretical peak for H100 SXM5; selected first-party sources do not bind this path to an explicit frequency."
"COND-NVIDIA-H100-BF16-CUDA-DENSE","H100|PPATH-NVIDIA-H100-BF16-CUDA|dense|theoretical_peak","PPATH-NVIDIA-H100-BF16-CUDA","dense","","vector_fma","fma_2_ops","theoretical_peak","hardware_peak_published","","","","","not_specified","","per_endpoint","vendor_nameplate","per_object","","draft","Vendor theoretical peak for H100 SXM5; selected first-party sources do not bind this path to an explicit frequency."
"COND-NVIDIA-H100-FP32-CUDA-DENSE","H100|PPATH-NVIDIA-H100-FP32-CUDA|dense|theoretical_peak|1980MHz","PPATH-NVIDIA-H100-FP32-CUDA","dense","","vector_fma","fma_2_ops","theoretical_peak","hardware_peak_published","","1980","MHz","","not_specified","","per_endpoint","vendor_nameplate","per_object","","draft","Vendor theoretical peak for H100 SXM5; clock is retained where Table 3 states a path-specific peak clock."
"COND-NVIDIA-H100-FP64-CUDA-DENSE","H100|PPATH-NVIDIA-H100-FP64-CUDA|dense|theoretical_peak|1980MHz","PPATH-NVIDIA-H100-FP64-CUDA","dense","","vector_fma","fma_2_ops","theoretical_peak","hardware_peak_published","","1980","MHz","","not_specified","","per_endpoint","vendor_nameplate","per_object","","draft","Vendor theoretical peak for H100 SXM5; clock is retained where Table 3 states a path-specific peak clock."
"COND-NVIDIA-H100-INT32-CUDA-DENSE","H100|PPATH-NVIDIA-H100-INT32-CUDA|dense|theoretical_peak","PPATH-NVIDIA-H100-INT32-CUDA","dense","","vector_alu","vendor_label","theoretical_peak","hardware_peak_published","","","","","not_specified","","per_endpoint","vendor_nameplate","per_object","","draft","Vendor theoretical peak for H100 SXM5; selected first-party sources do not bind this path to an explicit frequency."
"COND-NVIDIA-H100-HBM-CURRENT","H100|HBM3|current_datasheet|bidirectional_unspecified|per_object|vendor_nameplate","","not_applicable","","data_move","not_specified","theoretical_peak","hardware_peak_published","","","","","not_specified","direction_not_specified","per_endpoint","vendor_nameplate","per_object","2024-09-24","draft","Current H100 datasheet names 3.35 TB/s; effective date uses the PDF metadata date recorded in the pilot."
"COND-NVIDIA-H100-HBM-WP104","H100|HBM3|whitepaper_v1.04|3352GBps|vendor_nameplate","","not_applicable","","data_move","not_specified","theoretical_peak","hardware_peak_published","","2619","MHz DDR","whitepaper v1.04","not_specified","direction_not_specified","per_endpoint","vendor_nameplate","per_object","","draft","Whitepaper v1.04 Table 3 precise value; official fixed PDF is registered globally."
"COND-NVIDIA-H100-HBM-LAUNCH","H100|HBM3|HotChips34|launch_preliminary|3TBps","","not_applicable","","data_move","not_specified","theoretical_peak","hardware_peak_published","","","","Hot Chips 34","not_specified","direction_not_specified","per_endpoint","vendor_nameplate","per_object","","draft","Preliminary launch value; slide footnote says memory data rates were not finalized."
"COND-NVIDIA-H100-NVLINK-PERDIR","H100|NVLINK-PERDIR|vendor_nameplate","","not_applicable","","data_move","not_specified","theoretical_peak","hardware_peak_published","","","","","not_specified","per_direction_symmetric","per_physical_link","vendor_nameplate","per_object","","draft","Direction and aggregation scope must travel with the bandwidth fact."
"COND-NVIDIA-H100-NVLINK-BIDIR-LINK","H100|NVLINK-BIDIR-LINK|vendor_nameplate","","not_applicable","","data_move","not_specified","theoretical_peak","hardware_peak_published","","","","","not_specified","bidirectional_aggregate","per_physical_link","vendor_nameplate","per_object","","draft","Direction and aggregation scope must travel with the bandwidth fact."
"COND-NVIDIA-H100-NVLINK-DEVICE","H100|NVLINK-DEVICE|vendor_nameplate","","not_applicable","","data_move","not_specified","theoretical_peak","hardware_peak_published","","","","","not_specified","bidirectional_aggregate","per_device_injection","vendor_nameplate","per_object","","draft","Direction and aggregation scope must travel with the bandwidth fact."
"COND-NVIDIA-H100-PCIE-PERDIR","H100|PCIE-PERDIR|vendor_nameplate","","not_applicable","","data_move","not_specified","theoretical_peak","hardware_peak_published","","","","","not_specified","per_direction_symmetric","per_endpoint","vendor_nameplate","per_object","","draft","Direction and aggregation scope must travel with the bandwidth fact."
"COND-NVIDIA-H100-PCIE-BIDIR","H100|PCIE-BIDIR|vendor_nameplate","","not_applicable","","data_move","not_specified","theoretical_peak","hardware_peak_published","","","","","not_specified","bidirectional_aggregate","per_endpoint","vendor_nameplate","per_object","","draft","Direction and aggregation scope must travel with the bandwidth fact."
"COND-NVIDIA-H100-DER-FP64-TENSOR-CURRENT-HBM","H100|derived_compute_bw|PPATH-NVIDIA-H100-FP64-TENSOR|dense|current_HBM_3.35TBps","PPATH-NVIDIA-H100-FP64-TENSOR","dense","","matrix_mma","fma_2_ops","public_derived","hardware_peak_published","","","","","not_specified","direction_not_specified","per_endpoint","vendor_nameplate","per_object","2024-09-24","draft","Derived specification ratio combines a dense theoretical compute peak with current 3.35 TB/s HBM3 nameplate bandwidth."
"COND-NVIDIA-H100-DER-TF32-CURRENT-HBM","H100|derived_compute_bw|PPATH-NVIDIA-H100-TF32|dense|current_HBM_3.35TBps","PPATH-NVIDIA-H100-TF32","dense","","matrix_mma","fma_2_ops","public_derived","hardware_peak_published","","","","","not_specified","direction_not_specified","per_endpoint","vendor_nameplate","per_object","2024-09-24","draft","Derived specification ratio combines a dense theoretical compute peak with current 3.35 TB/s HBM3 nameplate bandwidth."
"COND-NVIDIA-H100-DER-FP16-TENSOR-CURRENT-HBM","H100|derived_compute_bw|PPATH-NVIDIA-H100-FP16-TENSOR|dense|current_HBM_3.35TBps","PPATH-NVIDIA-H100-FP16-TENSOR","dense","","matrix_mma","fma_2_ops","public_derived","hardware_peak_published","","","","","not_specified","direction_not_specified","per_endpoint","vendor_nameplate","per_object","2024-09-24","draft","Derived specification ratio combines a dense theoretical compute peak with current 3.35 TB/s HBM3 nameplate bandwidth."
"COND-NVIDIA-H100-DER-BF16-TENSOR-CURRENT-HBM","H100|derived_compute_bw|PPATH-NVIDIA-H100-BF16-TENSOR|dense|current_HBM_3.35TBps","PPATH-NVIDIA-H100-BF16-TENSOR","dense","","matrix_mma","fma_2_ops","public_derived","hardware_peak_published","","","","","not_specified","direction_not_specified","per_endpoint","vendor_nameplate","per_object","2024-09-24","draft","Derived specification ratio combines a dense theoretical compute peak with current 3.35 TB/s HBM3 nameplate bandwidth."
"COND-NVIDIA-H100-DER-FP8-CURRENT-HBM","H100|derived_compute_bw|PPATH-NVIDIA-H100-FP8|dense|current_HBM_3.35TBps","PPATH-NVIDIA-H100-FP8","dense","","matrix_mma","fma_2_ops","public_derived","hardware_peak_published","","","","","not_specified","direction_not_specified","per_endpoint","vendor_nameplate","per_object","2024-09-24","draft","Derived specification ratio combines a dense theoretical compute peak with current 3.35 TB/s HBM3 nameplate bandwidth."
"COND-NVIDIA-H100-DER-FP32-CUDA-CURRENT-HBM","H100|derived_compute_bw|PPATH-NVIDIA-H100-FP32-CUDA|dense|current_HBM_3.35TBps","PPATH-NVIDIA-H100-FP32-CUDA","dense","","vector_fma","fma_2_ops","public_derived","hardware_peak_published","","","","","not_specified","direction_not_specified","per_endpoint","vendor_nameplate","per_object","2024-09-24","draft","Derived specification ratio combines a dense theoretical compute peak with current 3.35 TB/s HBM3 nameplate bandwidth."
"COND-NVIDIA-H100-DER-FP64-CUDA-CURRENT-HBM","H100|derived_compute_bw|PPATH-NVIDIA-H100-FP64-CUDA|dense|current_HBM_3.35TBps","PPATH-NVIDIA-H100-FP64-CUDA","dense","","vector_fma","fma_2_ops","public_derived","hardware_peak_published","","","","","not_specified","direction_not_specified","per_endpoint","vendor_nameplate","per_object","2024-09-24","draft","Derived specification ratio combines a dense theoretical compute peak with current 3.35 TB/s HBM3 nameplate bandwidth."
"COND-AWS-TRN2-CHIP-FP8-DENSE-PUB","CFP-COND-AWS-TRN2-CHIP-FP8-DENSE-PUB","PP-AWS-TRN2-CHIP-TENSOR-FP8","dense","","matrix_multiply","not_specified","theoretical_peak","hardware_peak_published","","","","Neuron docs 2.29.1","","","","","per_object","","draft","S1 芯片聚合峰值条件；操作计数与详细频率未公开"
"COND-AWS-TRN2-CORE-FP8-DENSE-PUB","CFP-COND-AWS-TRN2-CORE-FP8-DENSE-PUB","PP-AWS-TRN2-TENSOR-FP8","dense","","matrix_multiply","not_specified","theoretical_peak","hardware_peak_published","","2400000000","Hz","Neuron docs 2.29.1","","","","","per_component","","draft","S2 每 NCv3 峰值条件"
"COND-AWS-TRN2-CHIP-FP8-DENSE-DER8","CFP-COND-AWS-TRN2-CHIP-FP8-DENSE-DER8","PP-AWS-TRN2-CHIP-TENSOR-FP8","dense","","matrix_multiply","not_specified","public_derived","hardware_peak_published","","2400000000","Hz","Neuron docs 2.29.1","","","","","per_object","","draft","8 个 NCv3 单核公开峰值的简单乘算候选"
"COND-AWS-TRN2-CHIP-BF16-DENSE-PUB","CFP-COND-AWS-TRN2-CHIP-BF16-DENSE-PUB","PP-AWS-TRN2-CHIP-TENSOR-BF16","dense","","matrix_multiply","not_specified","theoretical_peak","hardware_peak_published","","","","Neuron docs 2.29.1","","","","","per_object","","draft","S1 芯片聚合峰值条件；操作计数与详细频率未公开"
"COND-AWS-TRN2-CORE-BF16-DENSE-PUB","CFP-COND-AWS-TRN2-CORE-BF16-DENSE-PUB","PP-AWS-TRN2-TENSOR-BF16","dense","","matrix_multiply","not_specified","theoretical_peak","hardware_peak_published","","2400000000","Hz","Neuron docs 2.29.1","","","","","per_component","","draft","S2 每 NCv3 峰值条件"
"COND-AWS-TRN2-CHIP-BF16-DENSE-DER8","CFP-COND-AWS-TRN2-CHIP-BF16-DENSE-DER8","PP-AWS-TRN2-CHIP-TENSOR-BF16","dense","","matrix_multiply","not_specified","public_derived","hardware_peak_published","","2400000000","Hz","Neuron docs 2.29.1","","","","","per_object","","draft","8 个 NCv3 单核公开峰值的简单乘算候选"
"COND-AWS-TRN2-CHIP-FP16-DENSE-PUB","CFP-COND-AWS-TRN2-CHIP-FP16-DENSE-PUB","PP-AWS-TRN2-CHIP-TENSOR-FP16","dense","","matrix_multiply","not_specified","theoretical_peak","hardware_peak_published","","","","Neuron docs 2.29.1","","","","","per_object","","draft","S1 芯片聚合峰值条件；操作计数与详细频率未公开"
"COND-AWS-TRN2-CORE-FP16-DENSE-PUB","CFP-COND-AWS-TRN2-CORE-FP16-DENSE-PUB","PP-AWS-TRN2-TENSOR-FP16","dense","","matrix_multiply","not_specified","theoretical_peak","hardware_peak_published","","2400000000","Hz","Neuron docs 2.29.1","","","","","per_component","","draft","S2 每 NCv3 峰值条件"
"COND-AWS-TRN2-CHIP-FP16-DENSE-DER8","CFP-COND-AWS-TRN2-CHIP-FP16-DENSE-DER8","PP-AWS-TRN2-CHIP-TENSOR-FP16","dense","","matrix_multiply","not_specified","public_derived","hardware_peak_published","","2400000000","Hz","Neuron docs 2.29.1","","","","","per_object","","draft","8 个 NCv3 单核公开峰值的简单乘算候选"
"COND-AWS-TRN2-CHIP-TF32-DENSE-PUB","CFP-COND-AWS-TRN2-CHIP-TF32-DENSE-PUB","PP-AWS-TRN2-CHIP-TENSOR-TF32","dense","","matrix_multiply","not_specified","theoretical_peak","hardware_peak_published","","","","Neuron docs 2.29.1","","","","","per_object","","draft","S1 芯片聚合峰值条件；操作计数与详细频率未公开"
"COND-AWS-TRN2-CORE-TF32-DENSE-PUB","CFP-COND-AWS-TRN2-CORE-TF32-DENSE-PUB","PP-AWS-TRN2-TENSOR-TF32","dense","","matrix_multiply","not_specified","theoretical_peak","hardware_peak_published","","2400000000","Hz","Neuron docs 2.29.1","","","","","per_component","","draft","S2 每 NCv3 峰值条件"
"COND-AWS-TRN2-CHIP-TF32-DENSE-DER8","CFP-COND-AWS-TRN2-CHIP-TF32-DENSE-DER8","PP-AWS-TRN2-CHIP-TENSOR-TF32","dense","","matrix_multiply","not_specified","public_derived","hardware_peak_published","","2400000000","Hz","Neuron docs 2.29.1","","","","","per_object","","draft","8 个 NCv3 单核公开峰值的简单乘算候选"
"COND-AWS-TRN2-CHIP-FP32-DENSE-PUB","CFP-COND-AWS-TRN2-CHIP-FP32-DENSE-PUB","PP-AWS-TRN2-CHIP-TENSOR-FP32","dense","","matrix_multiply","not_specified","theoretical_peak","hardware_peak_published","","","","Neuron docs 2.29.1","","","","","per_object","","draft","S1 芯片聚合峰值条件；操作计数与详细频率未公开"
"COND-AWS-TRN2-CORE-FP32-DENSE-PUB","CFP-COND-AWS-TRN2-CORE-FP32-DENSE-PUB","PP-AWS-TRN2-TENSOR-FP32","dense","","matrix_multiply","not_specified","theoretical_peak","hardware_peak_published","","2400000000","Hz","Neuron docs 2.29.1","","","","","per_component","","draft","S2 每 NCv3 峰值条件"
"COND-AWS-TRN2-CHIP-FP32-DENSE-DER8","CFP-COND-AWS-TRN2-CHIP-FP32-DENSE-DER8","PP-AWS-TRN2-CHIP-TENSOR-FP32","dense","","matrix_multiply","not_specified","public_derived","hardware_peak_published","","2400000000","Hz","Neuron docs 2.29.1","","","","","per_object","","draft","8 个 NCv3 单核公开峰值的简单乘算候选"
"COND-AWS-TRN2-CHIP-FP8-SPARSE-PUB","CFP-COND-AWS-TRN2-CHIP-FP8-SPARSE-PUB","PP-AWS-TRN2-CHIP-TENSOR-FP8","structured_sparse","M:N vendor-supported modes","matrix_multiply","not_specified","theoretical_peak","hardware_peak_published","","","","Neuron docs 2.29.1","","","","","per_object","","draft","S1 当前芯片结构化稀疏聚合峰值"
"COND-AWS-TRN2-CORE-FP8-SPARSE-PUB","CFP-COND-AWS-TRN2-CORE-FP8-SPARSE-PUB","PP-AWS-TRN2-TENSOR-FP8","structured_sparse","M:N vendor-supported modes","matrix_multiply","not_specified","theoretical_peak","hardware_peak_published","","2400000000","Hz","Neuron docs 2.29.1","","","","","per_component","","draft","S2 每 NCv3 结构化稀疏峰值"
"COND-AWS-TRN2-CHIP-FP8-SPARSE-DER8","CFP-COND-AWS-TRN2-CHIP-FP8-SPARSE-DER8","PP-AWS-TRN2-CHIP-TENSOR-FP8","structured_sparse","M:N vendor-supported modes","matrix_multiply","not_specified","public_derived","hardware_peak_published","","2400000000","Hz","Neuron docs 2.29.1","","","","","per_object","","draft","8 个 NCv3 稀疏峰值简单乘算候选"
"COND-AWS-TRN2-CHIP-FP8-SPARSE-HIST2024","CFP-COND-AWS-TRN2-CHIP-FP8-SPARSE-HIST2024","PP-AWS-TRN2-CHIP-TENSOR-FP8","structured_sparse","M:N vendor-supported modes","matrix_multiply","not_specified","vendor_label_unresolved","hardware_peak_published","","","","","","","","","per_object","2024-12-03","draft","S10 2024-12-03 历史发布博客稀疏口径"
"COND-AWS-TRN2-CHIP-BF16-SPARSE-PUB","CFP-COND-AWS-TRN2-CHIP-BF16-SPARSE-PUB","PP-AWS-TRN2-CHIP-TENSOR-BF16","structured_sparse","M:N vendor-supported modes","matrix_multiply","not_specified","theoretical_peak","hardware_peak_published","","","","Neuron docs 2.29.1","","","","","per_object","","draft","S1 当前芯片结构化稀疏聚合峰值"
"COND-AWS-TRN2-CORE-BF16-SPARSE-PUB","CFP-COND-AWS-TRN2-CORE-BF16-SPARSE-PUB","PP-AWS-TRN2-TENSOR-BF16","structured_sparse","M:N vendor-supported modes","matrix_multiply","not_specified","theoretical_peak","hardware_peak_published","","2400000000","Hz","Neuron docs 2.29.1","","","","","per_component","","draft","S2 每 NCv3 结构化稀疏峰值"
"COND-AWS-TRN2-CHIP-BF16-SPARSE-DER8","CFP-COND-AWS-TRN2-CHIP-BF16-SPARSE-DER8","PP-AWS-TRN2-CHIP-TENSOR-BF16","structured_sparse","M:N vendor-supported modes","matrix_multiply","not_specified","public_derived","hardware_peak_published","","2400000000","Hz","Neuron docs 2.29.1","","","","","per_object","","draft","8 个 NCv3 稀疏峰值简单乘算候选"
"COND-AWS-TRN2-CHIP-BF16-SPARSE-HIST2024","CFP-COND-AWS-TRN2-CHIP-BF16-SPARSE-HIST2024","PP-AWS-TRN2-CHIP-TENSOR-BF16","structured_sparse","M:N vendor-supported modes","matrix_multiply","not_specified","vendor_label_unresolved","hardware_peak_published","","","","","","","","","per_object","2024-12-03","draft","S10 2024-12-03 历史发布博客稀疏口径"
"COND-AWS-TRN2-CHIP-FP16-SPARSE-PUB","CFP-COND-AWS-TRN2-CHIP-FP16-SPARSE-PUB","PP-AWS-TRN2-CHIP-TENSOR-FP16","structured_sparse","M:N vendor-supported modes","matrix_multiply","not_specified","theoretical_peak","hardware_peak_published","","","","Neuron docs 2.29.1","","","","","per_object","","draft","S1 当前芯片结构化稀疏聚合峰值"
"COND-AWS-TRN2-CORE-FP16-SPARSE-PUB","CFP-COND-AWS-TRN2-CORE-FP16-SPARSE-PUB","PP-AWS-TRN2-TENSOR-FP16","structured_sparse","M:N vendor-supported modes","matrix_multiply","not_specified","theoretical_peak","hardware_peak_published","","2400000000","Hz","Neuron docs 2.29.1","","","","","per_component","","draft","S2 每 NCv3 结构化稀疏峰值"
"COND-AWS-TRN2-CHIP-FP16-SPARSE-DER8","CFP-COND-AWS-TRN2-CHIP-FP16-SPARSE-DER8","PP-AWS-TRN2-CHIP-TENSOR-FP16","structured_sparse","M:N vendor-supported modes","matrix_multiply","not_specified","public_derived","hardware_peak_published","","2400000000","Hz","Neuron docs 2.29.1","","","","","per_object","","draft","8 个 NCv3 稀疏峰值简单乘算候选"
"COND-AWS-TRN2-CHIP-FP16-SPARSE-HIST2024","CFP-COND-AWS-TRN2-CHIP-FP16-SPARSE-HIST2024","PP-AWS-TRN2-CHIP-TENSOR-FP16","structured_sparse","M:N vendor-supported modes","matrix_multiply","not_specified","vendor_label_unresolved","hardware_peak_published","","","","","","","","","per_object","2024-12-03","draft","S10 2024-12-03 历史发布博客稀疏口径"
"COND-AWS-TRN2-CHIP-TF32-SPARSE-PUB","CFP-COND-AWS-TRN2-CHIP-TF32-SPARSE-PUB","PP-AWS-TRN2-CHIP-TENSOR-TF32","structured_sparse","M:N vendor-supported modes","matrix_multiply","not_specified","theoretical_peak","hardware_peak_published","","","","Neuron docs 2.29.1","","","","","per_object","","draft","S1 当前芯片结构化稀疏聚合峰值"
"COND-AWS-TRN2-CORE-TF32-SPARSE-PUB","CFP-COND-AWS-TRN2-CORE-TF32-SPARSE-PUB","PP-AWS-TRN2-TENSOR-TF32","structured_sparse","M:N vendor-supported modes","matrix_multiply","not_specified","theoretical_peak","hardware_peak_published","","2400000000","Hz","Neuron docs 2.29.1","","","","","per_component","","draft","S2 每 NCv3 结构化稀疏峰值"
"COND-AWS-TRN2-CHIP-TF32-SPARSE-DER8","CFP-COND-AWS-TRN2-CHIP-TF32-SPARSE-DER8","PP-AWS-TRN2-CHIP-TENSOR-TF32","structured_sparse","M:N vendor-supported modes","matrix_multiply","not_specified","public_derived","hardware_peak_published","","2400000000","Hz","Neuron docs 2.29.1","","","","","per_object","","draft","8 个 NCv3 稀疏峰值简单乘算候选"
"COND-AWS-TRN2-CHIP-TF32-SPARSE-HIST2024","CFP-COND-AWS-TRN2-CHIP-TF32-SPARSE-HIST2024","PP-AWS-TRN2-CHIP-TENSOR-TF32","structured_sparse","M:N vendor-supported modes","matrix_multiply","not_specified","vendor_label_unresolved","hardware_peak_published","","","","","","","","","per_object","2024-12-03","draft","S10 2024-12-03 历史发布博客稀疏口径"
"COND-AWS-TRN2-VECTOR-FP32-CORE","CFP-COND-AWS-TRN2-VECTOR-FP32-CORE","PP-AWS-TRN2-VECTOR-FP32","dense","","vector_fma","not_specified","theoretical_peak","hardware_peak_published","","960000000","Hz","Neuron docs 2.29.1","","","","","per_component","","draft","S2 每 NCv3 Vector Engine"
"COND-AWS-TRN2-VECTOR-FP32-DER8","CFP-COND-AWS-TRN2-VECTOR-FP32-DER8","PP-AWS-TRN2-VECTOR-FP32","dense","","vector_fma","not_specified","public_derived","hardware_peak_published","","960000000","Hz","Neuron docs 2.29.1","","","","","per_object","","draft","8 个 NCv3 的简单乘算候选"
"COND-AWS-TRN2-SCALAR-FP32-CORE","CFP-COND-AWS-TRN2-SCALAR-FP32-CORE","PP-AWS-TRN2-SCALAR-FP32","dense","","scalar_fma","not_specified","theoretical_peak","hardware_peak_published","","1200000000","Hz","Neuron docs 2.29.1","","","","","per_component","","draft","S2 每 NCv3 Scalar Engine"
"COND-AWS-TRN2-SCALAR-FP32-DER8","CFP-COND-AWS-TRN2-SCALAR-FP32-DER8","PP-AWS-TRN2-SCALAR-FP32","dense","","scalar_fma","not_specified","public_derived","hardware_peak_published","","1200000000","Hz","Neuron docs 2.29.1","","","","","per_object","","draft","8 个 NCv3 的简单乘算候选"
"COND-AWS-TRN2-48XL-FP8-DENSE","CFP-COND-AWS-TRN2-48XL-FP8-DENSE","PP-AWS-TRN2-48XL-FP8","dense","","matrix_multiply","not_specified","theoretical_peak","hardware_peak_published","","","","Neuron docs 2.29.1","","","","","per_instance","","draft","S6 对象级聚合峰值"
"COND-AWS-TRN2-48XL-BF16-DENSE","CFP-COND-AWS-TRN2-48XL-BF16-DENSE","PP-AWS-TRN2-48XL-BF16","dense","","matrix_multiply","not_specified","theoretical_peak","hardware_peak_published","","","","Neuron docs 2.29.1","","","","","per_instance","","draft","S6 对象级聚合峰值"
"COND-AWS-TRN2-48XL-FP16-DENSE","CFP-COND-AWS-TRN2-48XL-FP16-DENSE","PP-AWS-TRN2-48XL-FP16","dense","","matrix_multiply","not_specified","theoretical_peak","hardware_peak_published","","","","Neuron docs 2.29.1","","","","","per_instance","","draft","S6 对象级聚合峰值"
"COND-AWS-TRN2-48XL-TF32-DENSE","CFP-COND-AWS-TRN2-48XL-TF32-DENSE","PP-AWS-TRN2-48XL-TF32","dense","","matrix_multiply","not_specified","theoretical_peak","hardware_peak_published","","","","Neuron docs 2.29.1","","","","","per_instance","","draft","S6 对象级聚合峰值"
"COND-AWS-TRN2-48XL-FP32-DENSE","CFP-COND-AWS-TRN2-48XL-FP32-DENSE","PP-AWS-TRN2-48XL-FP32","dense","","matrix_multiply","not_specified","theoretical_peak","hardware_peak_published","","","","Neuron docs 2.29.1","","","","","per_instance","","draft","S6 对象级聚合峰值"
"COND-AWS-TRN2-48XL-FP8-SPARSE","CFP-COND-AWS-TRN2-48XL-FP8-SPARSE","PP-AWS-TRN2-48XL-FP8","structured_sparse","M:N vendor-supported modes","matrix_multiply","not_specified","theoretical_peak","hardware_peak_published","","","","Neuron docs 2.29.1","","","","","per_instance","","draft","S6 对象级结构化稀疏聚合峰值"
"COND-AWS-TRN2-48XL-BF16-SPARSE","CFP-COND-AWS-TRN2-48XL-BF16-SPARSE","PP-AWS-TRN2-48XL-BF16","structured_sparse","M:N vendor-supported modes","matrix_multiply","not_specified","theoretical_peak","hardware_peak_published","","","","Neuron docs 2.29.1","","","","","per_instance","","draft","S6 对象级结构化稀疏聚合峰值"
"COND-AWS-TRN2-48XL-FP16-SPARSE","CFP-COND-AWS-TRN2-48XL-FP16-SPARSE","PP-AWS-TRN2-48XL-FP16","structured_sparse","M:N vendor-supported modes","matrix_multiply","not_specified","theoretical_peak","hardware_peak_published","","","","Neuron docs 2.29.1","","","","","per_instance","","draft","S6 对象级结构化稀疏聚合峰值"
"COND-AWS-TRN2-48XL-TF32-SPARSE","CFP-COND-AWS-TRN2-48XL-TF32-SPARSE","PP-AWS-TRN2-48XL-TF32","structured_sparse","M:N vendor-supported modes","matrix_multiply","not_specified","theoretical_peak","hardware_peak_published","","","","Neuron docs 2.29.1","","","","","per_instance","","draft","S6 对象级结构化稀疏聚合峰值"
"COND-AWS-TRN2-TRN2U-48XL-FP8-DENSE","CFP-COND-AWS-TRN2-TRN2U-48XL-FP8-DENSE","PP-AWS-TRN2U-48XL-FP8","dense","","matrix_multiply","not_specified","theoretical_peak","hardware_peak_published","","","","Neuron docs 2.29.1","","","","","per_instance","","draft","S6 对象级聚合峰值"
"COND-AWS-TRN2-TRN2U-48XL-BF16-DENSE","CFP-COND-AWS-TRN2-TRN2U-48XL-BF16-DENSE","PP-AWS-TRN2U-48XL-BF16","dense","","matrix_multiply","not_specified","theoretical_peak","hardware_peak_published","","","","Neuron docs 2.29.1","","","","","per_instance","","draft","S6 对象级聚合峰值"
"COND-AWS-TRN2-TRN2U-48XL-FP16-DENSE","CFP-COND-AWS-TRN2-TRN2U-48XL-FP16-DENSE","PP-AWS-TRN2U-48XL-FP16","dense","","matrix_multiply","not_specified","theoretical_peak","hardware_peak_published","","","","Neuron docs 2.29.1","","","","","per_instance","","draft","S6 对象级聚合峰值"
"COND-AWS-TRN2-TRN2U-48XL-TF32-DENSE","CFP-COND-AWS-TRN2-TRN2U-48XL-TF32-DENSE","PP-AWS-TRN2U-48XL-TF32","dense","","matrix_multiply","not_specified","theoretical_peak","hardware_peak_published","","","","Neuron docs 2.29.1","","","","","per_instance","","draft","S6 对象级聚合峰值"
"COND-AWS-TRN2-TRN2U-48XL-FP32-DENSE","CFP-COND-AWS-TRN2-TRN2U-48XL-FP32-DENSE","PP-AWS-TRN2U-48XL-FP32","dense","","matrix_multiply","not_specified","theoretical_peak","hardware_peak_published","","","","Neuron docs 2.29.1","","","","","per_instance","","draft","S6 对象级聚合峰值"
"COND-AWS-TRN2-TRN2U-48XL-FP8-SPARSE","CFP-COND-AWS-TRN2-TRN2U-48XL-FP8-SPARSE","PP-AWS-TRN2U-48XL-FP8","structured_sparse","M:N vendor-supported modes","matrix_multiply","not_specified","theoretical_peak","hardware_peak_published","","","","Neuron docs 2.29.1","","","","","per_instance","","draft","S6 对象级结构化稀疏聚合峰值"
"COND-AWS-TRN2-TRN2U-48XL-BF16-SPARSE","CFP-COND-AWS-TRN2-TRN2U-48XL-BF16-SPARSE","PP-AWS-TRN2U-48XL-BF16","structured_sparse","M:N vendor-supported modes","matrix_multiply","not_specified","theoretical_peak","hardware_peak_published","","","","Neuron docs 2.29.1","","","","","per_instance","","draft","S6 对象级结构化稀疏聚合峰值"
"COND-AWS-TRN2-TRN2U-48XL-FP16-SPARSE","CFP-COND-AWS-TRN2-TRN2U-48XL-FP16-SPARSE","PP-AWS-TRN2U-48XL-FP16","structured_sparse","M:N vendor-supported modes","matrix_multiply","not_specified","theoretical_peak","hardware_peak_published","","","","Neuron docs 2.29.1","","","","","per_instance","","draft","S6 对象级结构化稀疏聚合峰值"
"COND-AWS-TRN2-TRN2U-48XL-TF32-SPARSE","CFP-COND-AWS-TRN2-TRN2U-48XL-TF32-SPARSE","PP-AWS-TRN2U-48XL-TF32","structured_sparse","M:N vendor-supported modes","matrix_multiply","not_specified","theoretical_peak","hardware_peak_published","","","","Neuron docs 2.29.1","","","","","per_instance","","draft","S6 对象级结构化稀疏聚合峰值"
"COND-AWS-TRN2-ULTRA64-FP8-DENSE","CFP-COND-AWS-TRN2-ULTRA64-FP8-DENSE","PP-AWS-TRN2-ULTRA64-FP8","dense","","matrix_multiply","not_specified","theoretical_peak","hardware_peak_published","","","","Neuron docs 2.29.1","","","","","per_system","","draft","S6 对象级聚合峰值"
"COND-AWS-TRN2-ULTRA64-BF16-DENSE","CFP-COND-AWS-TRN2-ULTRA64-BF16-DENSE","PP-AWS-TRN2-ULTRA64-BF16","dense","","matrix_multiply","not_specified","theoretical_peak","hardware_peak_published","","","","Neuron docs 2.29.1","","","","","per_system","","draft","S6 对象级聚合峰值"
"COND-AWS-TRN2-ULTRA64-FP16-DENSE","CFP-COND-AWS-TRN2-ULTRA64-FP16-DENSE","PP-AWS-TRN2-ULTRA64-FP16","dense","","matrix_multiply","not_specified","theoretical_peak","hardware_peak_published","","","","Neuron docs 2.29.1","","","","","per_system","","draft","S6 对象级聚合峰值"
"COND-AWS-TRN2-ULTRA64-TF32-DENSE","CFP-COND-AWS-TRN2-ULTRA64-TF32-DENSE","PP-AWS-TRN2-ULTRA64-TF32","dense","","matrix_multiply","not_specified","theoretical_peak","hardware_peak_published","","","","Neuron docs 2.29.1","","","","","per_system","","draft","S6 对象级聚合峰值"
"COND-AWS-TRN2-ULTRA64-FP32-DENSE","CFP-COND-AWS-TRN2-ULTRA64-FP32-DENSE","PP-AWS-TRN2-ULTRA64-FP32","dense","","matrix_multiply","not_specified","theoretical_peak","hardware_peak_published","","","","Neuron docs 2.29.1","","","","","per_system","","draft","S6 对象级聚合峰值"
"COND-AWS-TRN2-ULTRA64-FP8-SPARSE","CFP-COND-AWS-TRN2-ULTRA64-FP8-SPARSE","PP-AWS-TRN2-ULTRA64-FP8","structured_sparse","M:N vendor-supported modes","matrix_multiply","not_specified","theoretical_peak","hardware_peak_published","","","","Neuron docs 2.29.1","","","","","per_system","","draft","S6 对象级结构化稀疏聚合峰值"
"COND-AWS-TRN2-ULTRA64-BF16-SPARSE","CFP-COND-AWS-TRN2-ULTRA64-BF16-SPARSE","PP-AWS-TRN2-ULTRA64-BF16","structured_sparse","M:N vendor-supported modes","matrix_multiply","not_specified","theoretical_peak","hardware_peak_published","","","","Neuron docs 2.29.1","","","","","per_system","","draft","S6 对象级结构化稀疏聚合峰值"
"COND-AWS-TRN2-ULTRA64-FP16-SPARSE","CFP-COND-AWS-TRN2-ULTRA64-FP16-SPARSE","PP-AWS-TRN2-ULTRA64-FP16","structured_sparse","M:N vendor-supported modes","matrix_multiply","not_specified","theoretical_peak","hardware_peak_published","","","","Neuron docs 2.29.1","","","","","per_system","","draft","S6 对象级结构化稀疏聚合峰值"
"COND-AWS-TRN2-ULTRA64-TF32-SPARSE","CFP-COND-AWS-TRN2-ULTRA64-TF32-SPARSE","PP-AWS-TRN2-ULTRA64-TF32","structured_sparse","M:N vendor-supported modes","matrix_multiply","not_specified","theoretical_peak","hardware_peak_published","","","","Neuron docs 2.29.1","","","","","per_system","","draft","S6 对象级结构化稀疏聚合峰值"
"COND-AWS-TRN2-48XL-FP8-SPARSE-HIST2024","CFP-COND-AWS-TRN2-48XL-FP8-SPARSE-HIST2024","PP-AWS-TRN2-48XL-FP8","structured_sparse","M:N vendor-supported modes","matrix_multiply","not_specified","vendor_label_unresolved","hardware_peak_published","","","","","","","","","per_instance","2024-12-03","draft","S10 历史实例稀疏峰值"
"COND-AWS-TRN2-48XL-BF16-SPARSE-HIST2024","CFP-COND-AWS-TRN2-48XL-BF16-SPARSE-HIST2024","PP-AWS-TRN2-48XL-BF16","structured_sparse","M:N vendor-supported modes","matrix_multiply","not_specified","vendor_label_unresolved","hardware_peak_published","","","","","","","","","per_instance","2024-12-03","draft","S10 历史实例稀疏峰值"
"COND-AWS-TRN2-48XL-FP16-SPARSE-HIST2024","CFP-COND-AWS-TRN2-48XL-FP16-SPARSE-HIST2024","PP-AWS-TRN2-48XL-FP16","structured_sparse","M:N vendor-supported modes","matrix_multiply","not_specified","vendor_label_unresolved","hardware_peak_published","","","","","","","","","per_instance","2024-12-03","draft","S10 历史实例稀疏峰值"
"COND-AWS-TRN2-48XL-TF32-SPARSE-HIST2024","CFP-COND-AWS-TRN2-48XL-TF32-SPARSE-HIST2024","PP-AWS-TRN2-48XL-TF32","structured_sparse","M:N vendor-supported modes","matrix_multiply","not_specified","vendor_label_unresolved","hardware_peak_published","","","","","","","","","per_instance","2024-12-03","draft","S10 历史实例稀疏峰值"
"COND-AWS-TRN2-TRN2U-48XL-FP8-SPARSE-HIST2024","CFP-COND-AWS-TRN2-TRN2U-48XL-FP8-SPARSE-HIST2024","PP-AWS-TRN2U-48XL-FP8","structured_sparse","M:N vendor-supported modes","matrix_multiply","not_specified","vendor_label_unresolved","hardware_peak_published","","","","","","","","","per_instance","2024-12-03","draft","S10 历史实例稀疏峰值"
"COND-AWS-TRN2-TRN2U-48XL-BF16-SPARSE-HIST2024","CFP-COND-AWS-TRN2-TRN2U-48XL-BF16-SPARSE-HIST2024","PP-AWS-TRN2U-48XL-BF16","structured_sparse","M:N vendor-supported modes","matrix_multiply","not_specified","vendor_label_unresolved","hardware_peak_published","","","","","","","","","per_instance","2024-12-03","draft","S10 历史实例稀疏峰值"
"COND-AWS-TRN2-TRN2U-48XL-FP16-SPARSE-HIST2024","CFP-COND-AWS-TRN2-TRN2U-48XL-FP16-SPARSE-HIST2024","PP-AWS-TRN2U-48XL-FP16","structured_sparse","M:N vendor-supported modes","matrix_multiply","not_specified","vendor_label_unresolved","hardware_peak_published","","","","","","","","","per_instance","2024-12-03","draft","S10 历史实例稀疏峰值"
"COND-AWS-TRN2-TRN2U-48XL-TF32-SPARSE-HIST2024","CFP-COND-AWS-TRN2-TRN2U-48XL-TF32-SPARSE-HIST2024","PP-AWS-TRN2U-48XL-TF32","structured_sparse","M:N vendor-supported modes","matrix_multiply","not_specified","vendor_label_unresolved","hardware_peak_published","","","","","","","","","per_instance","2024-12-03","draft","S10 历史实例稀疏峰值"
"COND-AWS-TRN2-BW-CHIP","CFP-COND-AWS-TRN2-BW-CHIP","","not_applicable","","data_move","not_specified","theoretical_peak","hardware_peak_published","","","","Neuron docs 2.29.1","","direction_not_specified","per_endpoint","vendor_nameplate","per_object","","draft","芯片级容量或带宽条件"
"COND-AWS-TRN2-BW-PER-COMP","CFP-COND-AWS-TRN2-BW-PER-COMP","","not_applicable","","data_move","not_specified","theoretical_peak","hardware_peak_published","","","","Neuron docs 2.29.1","","direction_not_specified","per_endpoint","vendor_nameplate","per_component","","draft","每组件容量或带宽条件"
"COND-AWS-TRN2-BW-GPSIMD-TOTAL","CFP-COND-AWS-TRN2-BW-GPSIMD-TOTAL","","not_applicable","","data_move","not_specified","theoretical_peak","hardware_peak_published","","","","Neuron docs 2.29.1","","bidirectional_aggregate","per_endpoint","vendor_nameplate","per_component","","draft","每 NCv3 GPSIMD DMA 总计"
"COND-AWS-TRN2-BW-GPSIMD-READ","CFP-COND-AWS-TRN2-BW-GPSIMD-READ","","not_applicable","","data_move","not_specified","theoretical_peak","hardware_peak_published","","","","Neuron docs 2.29.1","","rx","per_endpoint","vendor_nameplate","per_component","","draft","每 NCv3 GPSIMD DMA 读方向"
"COND-AWS-TRN2-BW-GPSIMD-WRITE","CFP-COND-AWS-TRN2-BW-GPSIMD-WRITE","","not_applicable","","data_move","not_specified","theoretical_peak","hardware_peak_published","","","","Neuron docs 2.29.1","","tx","per_endpoint","vendor_nameplate","per_component","","draft","每 NCv3 GPSIMD DMA 写方向"
"COND-AWS-TRN2-BW-INSTANCE","CFP-COND-AWS-TRN2-BW-INSTANCE","","not_applicable","","data_move","not_specified","theoretical_peak","hardware_peak_published","","","","Neuron docs 2.29.1","","direction_not_specified","per_endpoint","vendor_nameplate","per_instance","","draft","实例级聚合带宽"
"COND-AWS-TRN2-BW-SYSTEM","CFP-COND-AWS-TRN2-BW-SYSTEM","","not_applicable","","data_move","not_specified","theoretical_peak","hardware_peak_published","","","","Neuron docs 2.29.1","","direction_not_specified","system_total","vendor_nameplate","per_system","","draft","系统级聚合带宽"
"COND-AWS-TRN2-BW-SYSTEM-SCOPE-UNRESOLVED","CFP-COND-AWS-TRN2-BW-SYSTEM-SCOPE-UNRESOLVED","","not_applicable","","data_move","not_specified","vendor_label_unresolved","hardware_peak_published","","","","Neuron docs 2.29.1","","direction_not_specified","not_specified","vendor_nameplate","per_system","","draft","UltraServer EFA 报告值；聚合范围未由 S6 说明"
"COND-AWS-TRN2-STATUS-2024-12-03","CFP-COND-AWS-TRN2-STATUS-2024-12-03","","not_applicable","","fixed_function","not_specified","vendor_label_unresolved","hardware_capability","","","","","","","","","per_object","2024-12-03","draft","固定公告日期状态"
"COND-AWS-TRN2-STATUS-OBS-2026-08-12","CFP-COND-AWS-TRN2-STATUS-OBS-2026-08-12","","not_applicable","","fixed_function","not_specified","vendor_label_unresolved","hardware_capability","","","","Neuron docs 2.29.1","","","","","per_object","2026-08-12","draft","动态产品页观察状态"
"COND-AWS-TRN2-DERIVED-BALANCE","CFP-COND-AWS-TRN2-DERIVED-BALANCE","","not_applicable","","data_move","not_specified","public_derived","hardware_peak_published","","","","Neuron docs 2.29.1","","direction_not_specified","per_endpoint","vendor_nameplate","per_object","","draft","芯片聚合规格机器平衡的共同条件；具体精度路径由各派生事实指向。"
"COND-CAMBRICON-MLU590-WAIC-2022","Cambricon MLU590|WAIC statement|effective 2022-09-02","","","","","","","","","","","","training","","","","","2022-09-02","draft","Historical vendor statement at WAIC. Relative performance, memory and PCIe claims are not normalized into numeric facts."
"COND-CAMBRICON-MLU590-MLUOPS-67B3707F","Cambricon MLU590|MLU-OPS commit 67b3707f9ce55718490534955903a007ae86f517|software target","","","","","","","compiler_type","","","","MLU-OPS docs v1.13.0; commit 67b3707f9ce55718490534955903a007ae86f517","not_specified","","","","","2026-08-07","draft","Software build-target condition only; no physical-capacity interpretation."
"COND-M2GA-ATRN3-ROUND-RNE","Trainium3|PP-M2GA-ATRN3-BF16|fp32_to_bf16_psum_write|rne","PP-M2GA-ATRN3-BF16","","","matrix_mma","","","","","","","","","","","","","","draft","RNE 作为 FP32→BF16 PSUM 写回的可选舍入模式"
"COND-M2GA-ATRN3-ROUND-STOCHASTIC","Trainium3|PP-M2GA-ATRN3-BF16|fp32_to_bf16_psum_write|stochastic","PP-M2GA-ATRN3-BF16","","","matrix_mma","","","","","","","","","","","","","","draft","随机舍入作为 FP32→BF16 PSUM 写回的可选舍入模式"
