"target_path","premerge_sha256","candidate_postmerge_sha256","candidate_bytes","signoff_sha256","freeze_manifest_sha256","formal_baseline_aggregate","candidate_aggregate","validator_checks","authorized_write_set_sha256","backup_list_sha256","guard_list_sha256","new_file_list_sha256"
"数据/card-completeness.csv","a046bf3d9c7c88d1204a2f12e24c1ea654aa9ddd85115b2089c50f2de21c738b","ec30a8003e6359a9884154a2f1e9ef96f78d36b6a3fa9a62fb9ec670f5d299d2","77831","74ac69c299f5ce817c03236ef97df4e13f08f2d6724bb1c0178376661be5dad1","1cb279b56f4fbfc688ed2f798646a93baed02ffbd34a647ffecf4cb6672f0e01","f1520907d54e406e7d82f591e3799f07f569218aff0c321ac3b836b6c649da10","28923f7aa9dea488152f699e6879319d1fb96222fe72745754cf8ffd7b46518e","111390","f2f92876b801d5bc98f0e7540010c595070a8f1103039d763d32672f3bdcb801","acb17a4b9b41df585b013e136560f206ed5fc943102f0d231494852da834a9b3","1a979d0ce56346c456e1e4f372ffe92b4800c15dba724944de57242a7522e28c","483f458ad8f65602c9ac8acc191d743b8bad65790488e3a0db6dbce05da4a0fd"
"数据/components.csv","506243dd2d4f48b281197d5113133e6591f19d14c4c818e0ef140c5039088cd6","bdacd9a4db0abca65dc177743e4932db626c0e4e95563487245d4c969ed98c1b","44831","74ac69c299f5ce817c03236ef97df4e13f08f2d6724bb1c0178376661be5dad1","1cb279b56f4fbfc688ed2f798646a93baed02ffbd34a647ffecf4cb6672f0e01","f1520907d54e406e7d82f591e3799f07f569218aff0c321ac3b836b6c649da10","28923f7aa9dea488152f699e6879319d1fb96222fe72745754cf8ffd7b46518e","111390","f2f92876b801d5bc98f0e7540010c595070a8f1103039d763d32672f3bdcb801","acb17a4b9b41df585b013e136560f206ed5fc943102f0d231494852da834a9b3","1a979d0ce56346c456e1e4f372ffe92b4800c15dba724944de57242a7522e28c","483f458ad8f65602c9ac8acc191d743b8bad65790488e3a0db6dbce05da4a0fd"
"数据/condition-sets.csv","c80a2e5e5cf98e90a2902c871ca64093d3e9f572a871eedfa1f806d304bd94c3","93e4524025b8e2192c0e46d5cd56d46d0333996b09a26bda945d2a9f4b9b8054","63110","74ac69c299f5ce817c03236ef97df4e13f08f2d6724bb1c0178376661be5dad1","1cb279b56f4fbfc688ed2f798646a93baed02ffbd34a647ffecf4cb6672f0e01","f1520907d54e406e7d82f591e3799f07f569218aff0c321ac3b836b6c649da10","28923f7aa9dea488152f699e6879319d1fb96222fe72745754cf8ffd7b46518e","111390","f2f92876b801d5bc98f0e7540010c595070a8f1103039d763d32672f3bdcb801","acb17a4b9b41df585b013e136560f206ed5fc943102f0d231494852da834a9b3","1a979d0ce56346c456e1e4f372ffe92b4800c15dba724944de57242a7522e28c","483f458ad8f65602c9ac8acc191d743b8bad65790488e3a0db6dbce05da4a0fd"
"数据/facts.csv","7886e76bac608e8cfd0131a15d93922596bb5a0d8b16508a696c7d91877c50ea","ef06b282153529e90c440156958479d3e69d80ef964721d690ce63752888be78","296793","74ac69c299f5ce817c03236ef97df4e13f08f2d6724bb1c0178376661be5dad1","1cb279b56f4fbfc688ed2f798646a93baed02ffbd34a647ffecf4cb6672f0e01","f1520907d54e406e7d82f591e3799f07f569218aff0c321ac3b836b6c649da10","28923f7aa9dea488152f699e6879319d1fb96222fe72745754cf8ffd7b46518e","111390","f2f92876b801d5bc98f0e7540010c595070a8f1103039d763d32672f3bdcb801","acb17a4b9b41df585b013e136560f206ed5fc943102f0d231494852da834a9b3","1a979d0ce56346c456e1e4f372ffe92b4800c15dba724944de57242a7522e28c","483f458ad8f65602c9ac8acc191d743b8bad65790488e3a0db6dbce05da4a0fd"
"数据/field-requirements.csv","de19ee1e1a3beecdf3658d4c8b302e60d43eaaf9e58acfbd369388992eb9afb2","029c3f9ea2a84c8c9f4946f19971c2fa7997c36ac2243d825ccefe51def7e99f","321827","74ac69c299f5ce817c03236ef97df4e13f08f2d6724bb1c0178376661be5dad1","1cb279b56f4fbfc688ed2f798646a93baed02ffbd34a647ffecf4cb6672f0e01","f1520907d54e406e7d82f591e3799f07f569218aff0c321ac3b836b6c649da10","28923f7aa9dea488152f699e6879319d1fb96222fe72745754cf8ffd7b46518e","111390","f2f92876b801d5bc98f0e7540010c595070a8f1103039d763d32672f3bdcb801","acb17a4b9b41df585b013e136560f206ed5fc943102f0d231494852da834a9b3","1a979d0ce56346c456e1e4f372ffe92b4800c15dba724944de57242a7522e28c","483f458ad8f65602c9ac8acc191d743b8bad65790488e3a0db6dbce05da4a0fd"
"数据/links.csv","71dc144abeae14c1607c75ef060f0305aa910e05823159ce4dca1b5105e9b51e","4062ede242ad52eaa70a2ad4e5470a487cca8bc20ab8417668fc6872636762dd","8371","74ac69c299f5ce817c03236ef97df4e13f08f2d6724bb1c0178376661be5dad1","1cb279b56f4fbfc688ed2f798646a93baed02ffbd34a647ffecf4cb6672f0e01","f1520907d54e406e7d82f591e3799f07f569218aff0c321ac3b836b6c649da10","28923f7aa9dea488152f699e6879319d1fb96222fe72745754cf8ffd7b46518e","111390","f2f92876b801d5bc98f0e7540010c595070a8f1103039d763d32672f3bdcb801","acb17a4b9b41df585b013e136560f206ed5fc943102f0d231494852da834a9b3","1a979d0ce56346c456e1e4f372ffe92b4800c15dba724944de57242a7522e28c","483f458ad8f65602c9ac8acc191d743b8bad65790488e3a0db6dbce05da4a0fd"
"数据/memory-levels.csv","e1e6f95da738de7ae3c673ebd66707e2ddf13c411afd72c6383fd375697398fa","eb56148f19ec2ade6df304774e56bc7cf4780ab22f0a14613c76a3bf5fd3d2c5","11621","74ac69c299f5ce817c03236ef97df4e13f08f2d6724bb1c0178376661be5dad1","1cb279b56f4fbfc688ed2f798646a93baed02ffbd34a647ffecf4cb6672f0e01","f1520907d54e406e7d82f591e3799f07f569218aff0c321ac3b836b6c649da10","28923f7aa9dea488152f699e6879319d1fb96222fe72745754cf8ffd7b46518e","111390","f2f92876b801d5bc98f0e7540010c595070a8f1103039d763d32672f3bdcb801","acb17a4b9b41df585b013e136560f206ed5fc943102f0d231494852da834a9b3","1a979d0ce56346c456e1e4f372ffe92b4800c15dba724944de57242a7522e28c","483f458ad8f65602c9ac8acc191d743b8bad65790488e3a0db6dbce05da4a0fd"
"数据/precision-paths.csv","477cc547e061fd7fd2d418c38ee4c74eb56c17ec70df956666040fde04292431","7c923b632e4a4f23fbf613ea8b024e2270eb15bca5338517f9963cad2a375e21","26041","74ac69c299f5ce817c03236ef97df4e13f08f2d6724bb1c0178376661be5dad1","1cb279b56f4fbfc688ed2f798646a93baed02ffbd34a647ffecf4cb6672f0e01","f1520907d54e406e7d82f591e3799f07f569218aff0c321ac3b836b6c649da10","28923f7aa9dea488152f699e6879319d1fb96222fe72745754cf8ffd7b46518e","111390","f2f92876b801d5bc98f0e7540010c595070a8f1103039d763d32672f3bdcb801","acb17a4b9b41df585b013e136560f206ed5fc943102f0d231494852da834a9b3","1a979d0ce56346c456e1e4f372ffe92b4800c15dba724944de57242a7522e28c","483f458ad8f65602c9ac8acc191d743b8bad65790488e3a0db6dbce05da4a0fd"
"最小参考资料库/fact-assertions.csv","7066ed9c845dadb801047b9e4cbd2ea50f7af1c9f6d0836a9d5a5115d40fc92b","ab3b3cc61ee1befc17464d081af693f50ac8cc106f0f65b148540ff24254e41f","367734","74ac69c299f5ce817c03236ef97df4e13f08f2d6724bb1c0178376661be5dad1","1cb279b56f4fbfc688ed2f798646a93baed02ffbd34a647ffecf4cb6672f0e01","f1520907d54e406e7d82f591e3799f07f569218aff0c321ac3b836b6c649da10","28923f7aa9dea488152f699e6879319d1fb96222fe72745754cf8ffd7b46518e","111390","f2f92876b801d5bc98f0e7540010c595070a8f1103039d763d32672f3bdcb801","acb17a4b9b41df585b013e136560f206ed5fc943102f0d231494852da834a9b3","1a979d0ce56346c456e1e4f372ffe92b4800c15dba724944de57242a7522e28c","483f458ad8f65602c9ac8acc191d743b8bad65790488e3a0db6dbce05da4a0fd"
"最小参考资料库/search-log.csv","f7c501584f0b685b26aaaa913a9fd975e4d94474a9fac38b95d74fe0513bc23d","2f3431b7ab2d2b3ee8196634ff53040a494ceb3c71c4c589e1ddb7cac169ceb6","120590","74ac69c299f5ce817c03236ef97df4e13f08f2d6724bb1c0178376661be5dad1","1cb279b56f4fbfc688ed2f798646a93baed02ffbd34a647ffecf4cb6672f0e01","f1520907d54e406e7d82f591e3799f07f569218aff0c321ac3b836b6c649da10","28923f7aa9dea488152f699e6879319d1fb96222fe72745754cf8ffd7b46518e","111390","f2f92876b801d5bc98f0e7540010c595070a8f1103039d763d32672f3bdcb801","acb17a4b9b41df585b013e136560f206ed5fc943102f0d231494852da834a9b3","1a979d0ce56346c456e1e4f372ffe92b4800c15dba724944de57242a7522e28c","483f458ad8f65602c9ac8acc191d743b8bad65790488e3a0db6dbce05da4a0fd"
"最小参考资料库/search-results.csv","92aec74a85406ffa96c826348ffe298dba702639ecdf956160bf655db48cc40f","c5cdee5261d6f402594ba412ec8afc17d9c89a451cb927d6176d246135237875","93714","74ac69c299f5ce817c03236ef97df4e13f08f2d6724bb1c0178376661be5dad1","1cb279b56f4fbfc688ed2f798646a93baed02ffbd34a647ffecf4cb6672f0e01","f1520907d54e406e7d82f591e3799f07f569218aff0c321ac3b836b6c649da10","28923f7aa9dea488152f699e6879319d1fb96222fe72745754cf8ffd7b46518e","111390","f2f92876b801d5bc98f0e7540010c595070a8f1103039d763d32672f3bdcb801","acb17a4b9b41df585b013e136560f206ed5fc943102f0d231494852da834a9b3","1a979d0ce56346c456e1e4f372ffe92b4800c15dba724944de57242a7522e28c","483f458ad8f65602c9ac8acc191d743b8bad65790488e3a0db6dbce05da4a0fd"
"最小参考资料库/selection-members.csv","073cba4b5671f2273f75e99a355259444c7c28c2a2da4006b19535b3f030ce0b","aa9178450695af39ef3af7d1d3edc1688ae414bfe3f193d8bb40bcea29d5f340","41008","74ac69c299f5ce817c03236ef97df4e13f08f2d6724bb1c0178376661be5dad1","1cb279b56f4fbfc688ed2f798646a93baed02ffbd34a647ffecf4cb6672f0e01","f1520907d54e406e7d82f591e3799f07f569218aff0c321ac3b836b6c649da10","28923f7aa9dea488152f699e6879319d1fb96222fe72745754cf8ffd7b46518e","111390","f2f92876b801d5bc98f0e7540010c595070a8f1103039d763d32672f3bdcb801","acb17a4b9b41df585b013e136560f206ed5fc943102f0d231494852da834a9b3","1a979d0ce56346c456e1e4f372ffe92b4800c15dba724944de57242a7522e28c","483f458ad8f65602c9ac8acc191d743b8bad65790488e3a0db6dbce05da4a0fd"
"最小参考资料库/selection-runs.csv","4397260840ab286e7d4274f963eb037eb70a2dfd951ac55d43fdd35aa85e7ee0","6bbd0536aa98bc01b4c1070246f4d47af259bdea30c1b9b5fd91b46536ffdfcb","3757","74ac69c299f5ce817c03236ef97df4e13f08f2d6724bb1c0178376661be5dad1","1cb279b56f4fbfc688ed2f798646a93baed02ffbd34a647ffecf4cb6672f0e01","f1520907d54e406e7d82f591e3799f07f569218aff0c321ac3b836b6c649da10","28923f7aa9dea488152f699e6879319d1fb96222fe72745754cf8ffd7b46518e","111390","f2f92876b801d5bc98f0e7540010c595070a8f1103039d763d32672f3bdcb801","acb17a4b9b41df585b013e136560f206ed5fc943102f0d231494852da834a9b3","1a979d0ce56346c456e1e4f372ffe92b4800c15dba724944de57242a7522e28c","483f458ad8f65602c9ac8acc191d743b8bad65790488e3a0db6dbce05da4a0fd"
"最小参考资料库/source-coverage.csv","88bf789e45a70271bab97a4f1d69034e675418bf340c82d01751d50f07e8ba21","8095d6f326f2c9ecc7c6a15466e9d25b0358fa3efa78247a1eb7567dd8ac46b1","8817","74ac69c299f5ce817c03236ef97df4e13f08f2d6724bb1c0178376661be5dad1","1cb279b56f4fbfc688ed2f798646a93baed02ffbd34a647ffecf4cb6672f0e01","f1520907d54e406e7d82f591e3799f07f569218aff0c321ac3b836b6c649da10","28923f7aa9dea488152f699e6879319d1fb96222fe72745754cf8ffd7b46518e","111390","f2f92876b801d5bc98f0e7540010c595070a8f1103039d763d32672f3bdcb801","acb17a4b9b41df585b013e136560f206ed5fc943102f0d231494852da834a9b3","1a979d0ce56346c456e1e4f372ffe92b4800c15dba724944de57242a7522e28c","483f458ad8f65602c9ac8acc191d743b8bad65790488e3a0db6dbce05da4a0fd"
"最小参考资料库/source-endpoints.csv","644a9dc2249c717c7e16121d5164184bd5dd9804b9be4983019bb1ad48bc9f6f","41b649261b6b2b6edf599942c3c0a425ec3d34c0dd0d72f199d97a576b53f579","53358","74ac69c299f5ce817c03236ef97df4e13f08f2d6724bb1c0178376661be5dad1","1cb279b56f4fbfc688ed2f798646a93baed02ffbd34a647ffecf4cb6672f0e01","f1520907d54e406e7d82f591e3799f07f569218aff0c321ac3b836b6c649da10","28923f7aa9dea488152f699e6879319d1fb96222fe72745754cf8ffd7b46518e","111390","f2f92876b801d5bc98f0e7540010c595070a8f1103039d763d32672f3bdcb801","acb17a4b9b41df585b013e136560f206ed5fc943102f0d231494852da834a9b3","1a979d0ce56346c456e1e4f372ffe92b4800c15dba724944de57242a7522e28c","483f458ad8f65602c9ac8acc191d743b8bad65790488e3a0db6dbce05da4a0fd"
"最小参考资料库/source-families.csv","358869eac543ca7769129a0525834a366fb3abb5c3fba858b556bb414ed0b061","4887c37c52a9069a4f8e698d674c293f1791843dbc56bb80e05029c7f76ab9de","15070","74ac69c299f5ce817c03236ef97df4e13f08f2d6724bb1c0178376661be5dad1","1cb279b56f4fbfc688ed2f798646a93baed02ffbd34a647ffecf4cb6672f0e01","f1520907d54e406e7d82f591e3799f07f569218aff0c321ac3b836b6c649da10","28923f7aa9dea488152f699e6879319d1fb96222fe72745754cf8ffd7b46518e","111390","f2f92876b801d5bc98f0e7540010c595070a8f1103039d763d32672f3bdcb801","acb17a4b9b41df585b013e136560f206ed5fc943102f0d231494852da834a9b3","1a979d0ce56346c456e1e4f372ffe92b4800c15dba724944de57242a7522e28c","483f458ad8f65602c9ac8acc191d743b8bad65790488e3a0db6dbce05da4a0fd"
"最小参考资料库/sources.csv","43c72603ecf52b78aa0e737840190320accf567b0d3d769c1c8b64ce223a84fc","d5b8067af8d256682ad7fcb96911deedc99b8f3de6e278c843aeb1a37ee83a0d","33059","74ac69c299f5ce817c03236ef97df4e13f08f2d6724bb1c0178376661be5dad1","1cb279b56f4fbfc688ed2f798646a93baed02ffbd34a647ffecf4cb6672f0e01","f1520907d54e406e7d82f591e3799f07f569218aff0c321ac3b836b6c649da10","28923f7aa9dea488152f699e6879319d1fb96222fe72745754cf8ffd7b46518e","111390","f2f92876b801d5bc98f0e7540010c595070a8f1103039d763d32672f3bdcb801","acb17a4b9b41df585b013e136560f206ed5fc943102f0d231494852da834a9b3","1a979d0ce56346c456e1e4f372ffe92b4800c15dba724944de57242a7522e28c","483f458ad8f65602c9ac8acc191d743b8bad65790488e3a0db6dbce05da4a0fd"
"最小参考资料库/source-screening.csv","b4d12751bc347739b415feb2349d56297920a0cd2deab9887cb0c7b5a9377823","72648d37d6a26c5c0a9e5c8c2bf7d1680a75f5de7c62a5e24f5b89c010212e5e","33626","74ac69c299f5ce817c03236ef97df4e13f08f2d6724bb1c0178376661be5dad1","1cb279b56f4fbfc688ed2f798646a93baed02ffbd34a647ffecf4cb6672f0e01","f1520907d54e406e7d82f591e3799f07f569218aff0c321ac3b836b6c649da10","28923f7aa9dea488152f699e6879319d1fb96222fe72745754cf8ffd7b46518e","111390","f2f92876b801d5bc98f0e7540010c595070a8f1103039d763d32672f3bdcb801","acb17a4b9b41df585b013e136560f206ed5fc943102f0d231494852da834a9b3","1a979d0ce56346c456e1e4f372ffe92b4800c15dba724944de57242a7522e28c","483f458ad8f65602c9ac8acc191d743b8bad65790488e3a0db6dbce05da4a0fd"
"最小参考资料库/source-selected-roles.csv","5974d3615274baf78482815586f0fed10da3639532b7e8ba681a16ac59af2c57","bf61c4b44c7d3dcf94df2b2ef07cfd2aa76938b9e477cfcd908222c8b56b270a","22849","74ac69c299f5ce817c03236ef97df4e13f08f2d6724bb1c0178376661be5dad1","1cb279b56f4fbfc688ed2f798646a93baed02ffbd34a647ffecf4cb6672f0e01","f1520907d54e406e7d82f591e3799f07f569218aff0c321ac3b836b6c649da10","28923f7aa9dea488152f699e6879319d1fb96222fe72745754cf8ffd7b46518e","111390","f2f92876b801d5bc98f0e7540010c595070a8f1103039d763d32672f3bdcb801","acb17a4b9b41df585b013e136560f206ed5fc943102f0d231494852da834a9b3","1a979d0ce56346c456e1e4f372ffe92b4800c15dba724944de57242a7522e28c","483f458ad8f65602c9ac8acc191d743b8bad65790488e3a0db6dbce05da4a0fd"
