"平台","年份","资料类别","论文或资料标题","发表期刊或会议","主要作者","作者单位","DOI","来源链接","来源项目","源文件","汇总后文件","页数","文件大小_字节","SHA256","PDF解析"
"NVIDIA GPU","2025","官方白皮书与技术资料","Datasheet for NVIDIA Blackwell Architecture","4204213 OCT25","NVIDIA","NVIDIA","NVIDIA 4204213","https://nvdam.widen.net/s/wwnsxrhm2w/blackwell-datasheet-3384703","调研-训练推理芯片调研-codex-v3","调研-训练推理芯片调研-codex-v3/tmp/pdfs/nvidia-blackwell-datasheet-3384703.pdf","论文/NVIDIA_GPU/90_官方白皮书与技术资料/2025_NVIDIA_Blackwell_Datasheet_4204213_OCT25.pdf","10","1156321","ad8ed65e64974278670d8e6904c0e3020391027925e339bf28e75fdfe2d307d7","通过"
"Google TPU","2017","厂商直接架构论文","Evaluation of the Tensor Processing Unit A Deep Neural Network Accelerator for the Datacenter","IEEE Hot Chips 29 Symposium（HCS 2017）","当前清单未完整著录","Google","","https://old.hotchips.org/wp-content/uploads/hc_archives/hc29/HC29.22-Tuesday-Pub/HC29.22.70-NeuralNet2-Pub/HC29.22.730-TensorPU-Young-Google.pdf","调研-训练推理芯片调研-codex-v3","调研-训练推理芯片调研-codex-v3/论文/Google_TPU/01_厂商直接架构论文/2017_Evaluation_TPU_HotChips29.pdf","论文/Google_TPU/01_厂商直接架构论文/2017_Evaluation_TPU_HotChips29.pdf","38","6398704","9da1ee039185d1d32d5a2b578f61ca3bb6787943475091adce821ed30d4c79f6","通过"
"Google TPU","2017","厂商直接架构论文","In-Datacenter Performance Analysis of a Tensor Processing Unit","Proceedings of the 44th Annual International Symposium on Computer Architecture","Norman P. Jouppi；Cliff Young；Nishant Patil；David Patterson；Gaurav Agrawal；Raminder Bajwa；等","Google, Inc., Mountain View, CA USA","10.1145/3079856.3080246","https://arxiv.org/pdf/1704.04760","调研-训练推理芯片调研-codex-v3","调研-训练推理芯片调研-codex-v3/论文/Google_TPU/01_厂商直接架构论文/2017_TPUv1_In_Datacenter_Performance_Analysis.pdf","论文/Google_TPU/01_厂商直接架构论文/2017_TPUv1_In_Datacenter_Performance_Analysis.pdf","17","1316647","19793e4ae1486630ac45a12facabc0e80609dd679db8ca7a3a040f8bf0d8e0be","通过"
"Google TPU","2018","厂商直接架构论文","A Domain-Specific Architecture for Deep Neural Networks","Communications of the ACM","Norman P. Jouppi；Cliff Young；Nishant Patil；David Patterson","Google, Mountain View, CA；University of California at Berkeley, Berkeley, CA and Google, Mountain View, CA","10.1145/3154484","https://doi.org/10.1145/3154484","调研-训练推理芯片调研-codex-v3","调研-训练推理芯片调研-codex-v3/论文/Google_TPU/01_厂商直接架构论文/2018_Domain_Specific_Architecture_DNN.pdf","论文/Google_TPU/01_厂商直接架构论文/2018_Domain_Specific_Architecture_DNN.pdf","10","12553943","19ab5cbb1a654ac36ce8188c0acb6797b0ac61a740c7b2b8321c624b566c4e77","通过"
"Google TPU","2018","厂商直接架构论文","Motivation for and Evaluation of the First Tensor Processing Unit","IEEE Micro","Norman Jouppi；Cliff Young；Nishant Patil；David Patterson","Google","10.1109/MM.2018.032271057","https://doi.org/10.1109/MM.2018.032271057","调研-训练推理芯片调研-codex-v3","调研-训练推理芯片调研-codex-v3/论文/Google_TPU/01_厂商直接架构论文/2018_Motivation_Evaluation_First_TPU.pdf","论文/Google_TPU/01_厂商直接架构论文/2018_Motivation_Evaluation_First_TPU.pdf","10","2347849","53eefe583006c0d4e9f46c7e948ff2123a9d552206d80d2829749655595264e8","通过"
"Google TPU","2020","厂商直接架构论文","Google Training Chips Revealed TPUv2 and TPUv3","2020 IEEE Hot Chips 32 Symposium (HCS)","Thomas Norrie；Nishant Patil；Doe Hyun Yoon；George Kurian；Sheng Li；James Laudon；等","Google","10.1109/HCS49909.2020.9220735","https://hc32.hotchips.org/assets/program/conference/day2/HotChips2020_ML_Training_Google_Norrie_Patil.v01.pdf","调研-训练推理芯片调研-codex-v3","调研-训练推理芯片调研-codex-v3/论文/Google_TPU/01_厂商直接架构论文/2020_Google_Training_Chips_TPUv2_TPUv3_HotChips32.pdf","论文/Google_TPU/01_厂商直接架构论文/2020_Google_Training_Chips_TPUv2_TPUv3_HotChips32.pdf","70","6341747","c235d72fd45122ded3d8f60a6cd7b33b3d33d1ecac19bd9ca4b15f3fff5e1c53","通过"
"Google TPU","2020","厂商直接架构论文","A Domain-Specific Supercomputer for Training Deep Neural Networks","Communications of the ACM","Norman P. Jouppi；Doe Hyun Yoon；George Kurian；Sheng Li；Nishant Patil；James Laudon；等","Google, Mountain View, CA；Google, Mountain View, CA and University of California, Berkeley, CA","10.1145/3360307","https://gwern.net/doc/ai/scaling/hardware/2020-jouppi.pdf","调研-训练推理芯片调研-codex-v3","调研-训练推理芯片调研-codex-v3/论文/Google_TPU/01_厂商直接架构论文/2020_TPUv2_TPUv3_Domain_Specific_Supercomputer.pdf","论文/Google_TPU/01_厂商直接架构论文/2020_TPUv2_TPUv3_Domain_Specific_Supercomputer.pdf","12","424008","3d64c6b36ec5897eef3ef3d5234e9c086d99ecf8007307aafde416ae1d40e887","通过"
"Google TPU","2021","厂商直接架构论文","The Design Process for Google's Training Chips: TPUv2 and TPUv3","IEEE Micro","Thomas Norrie；Nishant Patil；Doe Hyun Yoon；George Kurian；Sheng Li；James Laudon；等","Google, Mountain View, CA, USA；Google, Mountain View, UC Berkeley Berkeley, CA, CA, USAUSA","10.1109/MM.2021.3058217","https://doi.org/10.1109/MM.2021.3058217","调研-训练推理芯片调研-codex-v3","调研-训练推理芯片调研-codex-v3/论文/Google_TPU/01_厂商直接架构论文/2021_Design_Process_TPUv2_TPUv3.pdf","论文/Google_TPU/01_厂商直接架构论文/2021_Design_Process_TPUv2_TPUv3.pdf","8","1659766","8c612f1ff04b9affd2a6fda2a3054e4c41291a91405c087fe4b8a90b2905d02a","通过"
"Google TPU","2021","厂商直接架构论文","Ten Lessons From Three Generations Shaped Google TPUv4i","2021 ACM/IEEE 48th Annual International Symposium on Computer Architecture (ISCA)","Norman P. Jouppi；Doe Hyun Yoon；Matthew Ashcraft；Mark Gottscho；Thomas B. Jablin；George Kurian；等","Google","10.1109/ISCA52012.2021.00010","https://markgottscho.com/cv/papers/2021_NJouppi_ISCA.pdf","调研-训练推理芯片调研-codex-v3","调研-训练推理芯片调研-codex-v3/论文/Google_TPU/01_厂商直接架构论文/2021_TPUv4i_Ten_Lessons_ISCA.pdf","论文/Google_TPU/01_厂商直接架构论文/2021_TPUv4i_Ten_Lessons_ISCA.pdf","14","3608891","988e2675c8e388829e58722a9c7a74e91e40a5b2ce226120c148eefb20e4cc87","通过"
"Google TPU","2023","厂商直接架构论文","A Machine Learning Supercomputer with an Optically Reconfigurable Interconnect and Embeddings Support","2023 IEEE Hot Chips 35 Symposium (HCS)","Norman P. Jouppi；Andy Swing","Google","10.1109/HCS59251.2023.10254691","https://hc2023.hotchips.org/assets/program/conference/day2/ML%20training/HC2023.Session5.ML_Training.Google.Norm_Jouppi.Andy_Swing.Final_2023-08-25.pdf","调研-训练推理芯片调研-codex-v3","调研-训练推理芯片调研-codex-v3/论文/Google_TPU/01_厂商直接架构论文/2023_TPUv4_HotChips35.pdf","论文/Google_TPU/01_厂商直接架构论文/2023_TPUv4_HotChips35.pdf","24","6070162","b7440a49514be78101f0eaac1062ef784b261b42d761daf77b2a2b09022651df","通过"
"Google TPU","2023","厂商直接架构论文","TPU v4 An Optically Reconfigurable Supercomputer for Machine Learning","Proceedings of the 50th Annual International Symposium on Computer Architecture","Norm Jouppi；George Kurian；Sheng Li；Peter Ma；Rahul Nagarajan；Lifeng Nai；等","Google, Mountain View, CA, USA；University of California, Berkeley, CA, USA","10.1145/3579371.3589350","https://arxiv.org/pdf/2304.01433","调研-训练推理芯片调研-codex-v3","调研-训练推理芯片调研-codex-v3/论文/Google_TPU/01_厂商直接架构论文/2023_TPUv4_Optically_Reconfigurable_Supercomputer.pdf","论文/Google_TPU/01_厂商直接架构论文/2023_TPUv4_Optically_Reconfigurable_Supercomputer.pdf","14","3011399","94f08ac4cd041e46e5037876793761df8043296ac374aa5372af7afb0bdf3ce2","通过"
"Google TPU","2024","厂商直接架构论文","Resiliency at Scale Managing Google TPUv4 Machine Learning Supercomputer","21st USENIX Symposium on Networked Systems Design and Implementation（NSDI 2024）","当前清单未完整著录","Google","","https://www.usenix.org/system/files/nsdi24-zu.pdf","调研-训练推理芯片调研-codex-v3","调研-训练推理芯片调研-codex-v3/论文/Google_TPU/01_厂商直接架构论文/2024_TPUv4_Resiliency_at_Scale.pdf","论文/Google_TPU/01_厂商直接架构论文/2024_TPUv4_Resiliency_at_Scale.pdf","15","2414599","e08dec51570fa077ec44d25d0405dddeae79d540f41168b040d85a1debe8568a","通过"
"Google TPU","2025","厂商直接架构论文","Ironwood Delivering Best in Class perf perf TCO and perf Watt for Reasoning Model Training and Serving","2025 IEEE Hot Chips 37 Symposium (HCS)","Norman P. Jouppi；Sridhar Lakshmanamurthy","Google","10.1109/HCS66204.2025.11154400","https://hc2025.hotchips.org/assets/program/hc2025-full-program-v4.zip","调研-训练推理芯片调研-codex-v3","调研-训练推理芯片调研-codex-v3/论文/Google_TPU/01_厂商直接架构论文/2025_Ironwood_HotChips37.pdf","论文/Google_TPU/01_厂商直接架构论文/2025_Ironwood_HotChips37.pdf","26","2233817","328ef921c6931a2a56dfbf06043f596ba73c21b6e4f1162754e6f11711e2132b","通过"
"Google TPU","2026","厂商直接架构论文","Google Training Supercomputers from TPU v2 to Ironwood","IEEE Micro","Norman P. Jouppi；Sridhar Lakshmanamurthy；Cliff Young；David Patterson","Google","10.1109/MM.2026.3699647","https://arxiv.org/pdf/2606.15870","调研-训练推理芯片调研；调研-训练推理芯片调研-codex-v3","调研-训练推理芯片调研-codex-v3/论文/Google_TPU/01_厂商直接架构论文/2026_TPUv2_to_Ironwood_Five_Generations.pdf；调研-训练推理芯片调研/Some Reference/google training supercomputers.pdf","论文/Google_TPU/01_厂商直接架构论文/2026_TPUv2_to_Ironwood_Five_Generations.pdf","13","3013339","d1e5d21b9959afefe574a6de839f52c094b3b7d3d481c89cd48b2e2737214465","通过"
"Google TPU","2019","独立逆向与微基准","Benchmarking TPU GPU and CPU Platforms for Deep Learning","arXiv 预印本","当前清单未完整著录","哈佛大学","","https://arxiv.org/pdf/1907.10701","调研-训练推理芯片调研-codex-v3","调研-训练推理芯片调研-codex-v3/论文/Google_TPU/02_独立逆向与微基准/2019_Benchmarking_TPU_GPU_CPU_ParaDnn.pdf","论文/Google_TPU/02_独立逆向与微基准/2019_Benchmarking_TPU_GPU_CPU_ParaDnn.pdf","13","2594340","14ea3d41f586f26eb0b86bdb9bd621e1c466ead528fca9fc4a8664dc876f11c5","通过"
"Google TPU","2019","独立逆向与微基准","Benchmarking the Performance and Energy Efficiency of AI Accelerators for AI Training","2020 20th IEEE/ACM International Symposium on Cluster, Cloud and Internet Computing (CCGRID)","Yuxin Wang；Qiang Wang；Shaohuai Shi；Xin He；Zhenheng Tang；Kaiyong Zhao；等","香港浸会大学","10.1109/ccgrid49817.2020.00-15","https://arxiv.org/pdf/1909.06842","调研-训练推理芯片调研-codex-v3","调研-训练推理芯片调研-codex-v3/论文/Google_TPU/02_独立逆向与微基准/2019_Performance_Energy_AI_Accelerators_Training.pdf","论文/Google_TPU/02_独立逆向与微基准/2019_Performance_Energy_AI_Accelerators_Training.pdf","15","1579640","4735b97453813331e090007e72ee27c1401acb107138e5d6e0ced9bf79246b94","通过"
"Google TPU","2021","独立逆向与微基准","Characterizing and Demystifying the Implicit Convolution Algorithm on Commercial Matrix-Multiplication Accelerators","2021 IEEE International Symposium on Workload Characterization (IISWC)","Yangjie Zhou；Mengtian Yang；Cong Guo；Jingwen Leng；Yun Liang；Quan Chen；等","Shanghai Jiao Tong University；Peking University；University of Rochester","10.1109/iiswc53511.2021.00029","https://arxiv.org/pdf/2110.03901","调研-训练推理芯片调研-codex-v3","调研-训练推理芯片调研-codex-v3/论文/Google_TPU/02_独立逆向与微基准/2021_Implicit_Convolution_Commercial_Matrix_Accelerators.pdf","论文/Google_TPU/02_独立逆向与微基准/2021_Implicit_Convolution_Commercial_Matrix_Accelerators.pdf","12","1797096","56ad4415c701296fe127f1e9dbbe1df2f63b5d9fcf90719adc48df2c674a41eb","通过"
"Google TPU","2021","独立逆向与微基准","A Learned Performance Model for Tensor Processing Units","Proceedings of Machine Learning and Systems（MLSys 2021）","当前清单未完整著录","Google；华盛顿大学","","https://arxiv.org/pdf/2008.01040","调研-训练推理芯片调研-codex-v3","调研-训练推理芯片调研-codex-v3/论文/Google_TPU/02_独立逆向与微基准/2021_Learned_Performance_Model_for_TPUs.pdf","论文/Google_TPU/02_独立逆向与微基准/2021_Learned_Performance_Model_for_TPUs.pdf","15","758142","f2c2a6a37afc2d286ea0c231e52cbe6872ae898fcd24af047d5f68679222bba2","通过"
"Google TPU","2021","独立逆向与微基准","Exploring the Limits of Concurrency in ML Training on Google TPUs","Proceedings of Machine Learning and Systems（MLSys 2021）","当前清单未完整著录","Google","","https://proceedings.mlsys.org/paper_files/paper/2021/file/c0d16b623be8b439d9c075eb5a97efd1-Paper.pdf","调研-训练推理芯片调研-codex-v3","调研-训练推理芯片调研-codex-v3/论文/Google_TPU/02_独立逆向与微基准/2021_Limits_of_Concurrency_Google_TPUs.pdf","论文/Google_TPU/02_独立逆向与微基准/2021_Limits_of_Concurrency_Google_TPUs.pdf","12","2764379","07f85bef9ebe3f039e5d49c4a6bc4c2c70cd115706956a876f60d2928c5eb198","通过"
"Google TPU","2025","独立逆向与微基准","COCOSSim A Cycle-Accurate Simulator for Heterogeneous Systolic Array Architectures","2025 IEEE International Symposium on Performance Analysis of Systems and Software (ISPASS)","Mansi Choudhary；Chris Kjellqvist；Jiaao Ma；Lisa Wu Wills","Duke University,Dept. of ECE,Durham,NC,USA；Duke University,Dept. of Computer Science,Durham,NC,USA","10.1109/ISPASS64960.2025.00025","https://users.cs.duke.edu/~lkw34/papers/choudhary-cocossim-ispass2025.pdf","调研-训练推理芯片调研-codex-v3","调研-训练推理芯片调研-codex-v3/论文/Google_TPU/02_独立逆向与微基准/2025_COCOSSim_TPUv3_Calibration.pdf","论文/Google_TPU/02_独立逆向与微基准/2025_COCOSSim_TPUv3_Calibration.pdf","12","659248","2b05ffc8a55fc1b9a037e2e8da5d3dec997b6119ebb8385bcec46748e74863f1","通过"
"Google TPU","2026","独立逆向与微基准","SCALE-Sim TPU Validating and Extending SCALE-Sim for TPUs","arXiv 预印本","当前清单未完整著录","佐治亚理工学院","","https://arxiv.org/pdf/2603.22535","调研-训练推理芯片调研-codex-v3","调研-训练推理芯片调研-codex-v3/论文/Google_TPU/02_独立逆向与微基准/2026_SCALE_Sim_TPUv4_Validation.pdf","论文/Google_TPU/02_独立逆向与微基准/2026_SCALE_Sim_TPUv4_Validation.pdf","7","3407030","0f8effdfcee675f0628be1387e23ca4e0cedadbe492b2cb3e4cff633c872998a","通过"
"Google TPU","2019","系统与性能补充","Fast Deep Neural Network Training on Distributed Systems and Cloud TPUs","IEEE Transactions on Parallel and Distributed Systems","Yang You；Zhao Zhang；Cho-Jui Hsieh；James Demmel；Kurt Keutzer","加州大学伯克利分校","10.1109/TPDS.2019.2913833","https://doi.org/10.1109/TPDS.2019.2913833","调研-训练推理芯片调研-codex-v3","调研-训练推理芯片调研-codex-v3/论文/Google_TPU/03_系统与性能补充/2019_Fast_DNN_Training_Cloud_TPUs.pdf","论文/Google_TPU/03_系统与性能补充/2019_Fast_DNN_Training_Cloud_TPUs.pdf","14","4669469","16263a77f714540ebfe034b4103d74accd0b66b515d6ae440da3c06bd9d48e5e","通过"
"Google TPU","2019","系统与性能补充","Scale MLPerf-0.6 Models on Google TPU-v3 Pods","arXiv 预印本","当前清单未完整著录","Google Research Brain Team","","https://arxiv.org/pdf/1909.09756","调研-训练推理芯片调研-codex-v3","调研-训练推理芯片调研-codex-v3/论文/Google_TPU/03_系统与性能补充/2019_Scale_MLPerf_0_6_TPUv3_Pods.pdf","论文/Google_TPU/03_系统与性能补充/2019_Scale_MLPerf_0_6_TPUv3_Pods.pdf","8","585411","ad2cbc460cb380fa13cce33c01aa68ebe8a29ce3bfad0b1bf5d315718d8f98f8","通过"
"Google TPU","2021","系统与性能补充","An Evaluation of Edge TPU Accelerators for Convolutional Neural Networks","2022 IEEE International Symposium on Workload Characterization (IISWC)","Kiran Seshadri；Berkin Akin；James Laudon；Ravi Narayanaswami；Amir Yazdanbakhsh","Enfabrica；Google；Cruise；Google Research, Brain Team","10.1109/iiswc55918.2022.00017","https://arxiv.org/pdf/2102.10423","调研-训练推理芯片调研-codex-v3","调研-训练推理芯片调研-codex-v3/论文/Google_TPU/03_系统与性能补充/2021_Evaluation_Edge_TPU_Accelerators.pdf","论文/Google_TPU/03_系统与性能补充/2021_Evaluation_Edge_TPU_Accelerators.pdf","13","6426524","e64871f5ea22c59145ab3f58efedc35661b4174fb5898da7196aa073480f405f","通过"
"Google TPU","2022","系统与性能补充","Mission Apollo Landing Optical Circuit Switching at Datacenter Scale","arXiv 预印本","当前清单未完整著录","Google","","https://arxiv.org/pdf/2208.10041","调研-训练推理芯片调研-codex-v3","调研-训练推理芯片调研-codex-v3/论文/Google_TPU/03_系统与性能补充/2022_Mission_Apollo_Optical_Circuit_Switching.pdf","论文/Google_TPU/03_系统与性能补充/2022_Mission_Apollo_Optical_Circuit_Switching.pdf","13","1988405","c76844154b245035f6b31f3667fcf0f676866e643f66afb9c593d1f391623e7d","通过"
"Google TPU","2025","系统与性能补充","Life-Cycle Emissions of AI Hardware Generational Trends","arXiv 预印本","当前清单未完整著录","Google","","https://arxiv.org/pdf/2502.01671","调研-训练推理芯片调研-codex-v3","调研-训练推理芯片调研-codex-v3/论文/Google_TPU/03_系统与性能补充/2025_Life_Cycle_Emissions_AI_Hardware.pdf","论文/Google_TPU/03_系统与性能补充/2025_Life_Cycle_Emissions_AI_Hardware.pdf","16","2914609","d9a3a140f9c8c9978aaf655543476a6573ac7b30b05167f485c1c15db948ea5c","通过"
"NVIDIA GPU","2011","厂商直接架构论文","Fermi GF100 GPU Architecture","IEEE Micro","Craig M. Wittenbrink；Emmett Kilgariff；Arjun Prabhu","NVIDIA","10.1109/MM.2011.24","https://www.cs.cmu.edu/afs/cs/academic/class/15869-f11/www/readings/wittenbrink11_fermi.pdf","调研-训练推理芯片调研-codex-v3","调研-训练推理芯片调研-codex-v3/论文/NVIDIA_GPU/01_厂商直接架构论文/2011_Fermi_GF100_GPU_Architecture.pdf","论文/NVIDIA_GPU/01_厂商直接架构论文/2011_Fermi_GF100_GPU_Architecture.pdf","10","1150365","ee962d7733bda8bd5a2d801b39fb7a3cd8db224b81614d37a5718f4d6f31bf75","通过"
"NVIDIA GPU","2017","厂商直接架构论文","Ultra-Performance Pascal GPU and NVLink Interconnect","IEEE Micro","Denis Foley；John Danskin","NVIDIA","10.1109/MM.2017.37","https://doi.org/10.1109/MM.2017.37","调研-训练推理芯片调研-codex-v3","调研-训练推理芯片调研-codex-v3/论文/NVIDIA_GPU/01_厂商直接架构论文/2017_Ultra_Performance_Pascal_GPU_NVLink.pdf","论文/NVIDIA_GPU/01_厂商直接架构论文/2017_Ultra_Performance_Pascal_GPU_NVLink.pdf","11","1473075","41824a804059c99d31228a94c8e832112cd2969d9ca5df523d964c8563bab0fe","通过"
"NVIDIA GPU","2017","厂商直接架构论文","VOLTA Programmability and Performance","IEEE Hot Chips 29 Symposium（HCS 2017）","当前清单未完整著录","NVIDIA","","https://old.hotchips.org/wp-content/uploads/hc_archives/hc29/HC29.21-Monday-Pub/HC29.21.10-GPU-Gaming-Pub/HC29.21.132-Volta-Choquette-NVIDIA-Final3.pdf","调研-训练推理芯片调研-codex-v3","调研-训练推理芯片调研-codex-v3/论文/NVIDIA_GPU/01_厂商直接架构论文/2017_Volta_Programmability_and_Performance_HotChips29.pdf","论文/NVIDIA_GPU/01_厂商直接架构论文/2017_Volta_Programmability_and_Performance_HotChips29.pdf","25","2011340","09d0e18235e6eca102b1374aef78a824e0d8b506722710054e3a11b9e91bbb35","通过"
"NVIDIA GPU","2018","厂商直接架构论文","Volta: Performance and Programmability","IEEE Micro","Jack Choquette；Olivier Giroux；Denis Foley","NVIDIA","10.1109/MM.2018.022071134","https://doi.org/10.1109/MM.2018.022071134","调研-训练推理芯片调研-codex-v3","调研-训练推理芯片调研-codex-v3/论文/NVIDIA_GPU/01_厂商直接架构论文/2018_Volta_Performance_and_Programmability_IEEE_Micro.pdf","论文/NVIDIA_GPU/01_厂商直接架构论文/2018_Volta_Performance_and_Programmability_IEEE_Micro.pdf","11","761624","bfdc92f1de7c8c7e1f33c09b0cbc6b38226bf7e0168970eabff134c5e83e28c9","通过"
"NVIDIA GPU","2019","厂商直接架构论文","RTX ON The NVIDIA Turing GPU","2019 IEEE Hot Chips 31 Symposium (HCS)","John Burgess","NVIDIA","10.1109/hotchips.2019.8875651","https://old.hotchips.org/hc31/HC31_2.12_NVIDIA_final.pdf","调研-训练推理芯片调研-codex-v3","调研-训练推理芯片调研-codex-v3/论文/NVIDIA_GPU/01_厂商直接架构论文/2019_RTX_ON_The_NVIDIA_Turing_GPU_HotChips31.pdf","论文/NVIDIA_GPU/01_厂商直接架构论文/2019_RTX_ON_The_NVIDIA_Turing_GPU_HotChips31.pdf","27","2256386","4540a1c0225985fc650525d2ed4de410b9bf11c930cbee380ffbbd4a1461811c","通过"
"NVIDIA GPU","2020","厂商直接架构论文","RTX On - The NVIDIA Turing GPU","IEEE Micro","John Burgess","NVIDIA","10.1109/MM.2020.2971677","https://doi.org/10.1109/MM.2020.2971677","调研-训练推理芯片调研-codex-v3","调研-训练推理芯片调研-codex-v3/论文/NVIDIA_GPU/01_厂商直接架构论文/2020_RTX_On_NVIDIA_Turing_GPU_IEEE_Micro.pdf","论文/NVIDIA_GPU/01_厂商直接架构论文/2020_RTX_On_NVIDIA_Turing_GPU_IEEE_Micro.pdf","9","4881856","77c6f5eb7c474199aa9ceff4509c10887af0a60feb84049f6b04c9164aabc079","通过"
"NVIDIA GPU","2021","厂商直接架构论文","The A100 Datacenter GPU and Ampere Architecture","2021 IEEE International Solid- State Circuits Conference (ISSCC)","Jack Choquette；Edward Lee；Ronny Krashinsky；Vishnu Balan；Brucek Khailany","NVIDIA","10.1109/ISSCC42613.2021.9365803","https://doi.org/10.1109/ISSCC42613.2021.9365803","调研-训练推理芯片调研-codex-v3","调研-训练推理芯片调研-codex-v3/论文/NVIDIA_GPU/01_厂商直接架构论文/2021_A100_Datacenter_GPU_Ampere_ISSCC.pdf","论文/NVIDIA_GPU/01_厂商直接架构论文/2021_A100_Datacenter_GPU_Ampere_ISSCC.pdf","3","463828","55765d2680678ba46045da1902496ddd3995d5964a5f0ef68a99362e2c43b601","通过"
"NVIDIA GPU","2021","厂商直接架构论文","Evolution of the Graphics Processing Unit","IEEE Micro","William J. Dally；Stephen W. Keckler；David B. Kirk","NVIDIA","10.1109/mm.2021.3113475","https://doi.org/10.1109/mm.2021.3113475","调研-训练推理芯片调研-codex-v3","调研-训练推理芯片调研-codex-v3/论文/NVIDIA_GPU/01_厂商直接架构论文/2021_Evolution_of_the_GPU.pdf","论文/NVIDIA_GPU/01_厂商直接架构论文/2021_Evolution_of_the_GPU.pdf","10","2638603","364e8bcb1de535ddbda84a5b8c120197051fface5021b6c5dcfd206562426e2f","通过"
"NVIDIA GPU","2021","厂商直接架构论文","NVIDIA A100 Tensor Core GPU Performance and Innovation","IEEE Micro","Jack Choquette；Wishwesh Gandhi；Olivier Giroux；Nick Stam；Ronny Krashinsky","NVIDIA","10.1109/MM.2021.3061394","https://gibsonnet.net/aix/ibm/mmi202102.issue.pdf","调研-训练推理芯片调研-codex-v3","调研-训练推理芯片调研-codex-v3/论文/NVIDIA_GPU/01_厂商直接架构论文/2021_NVIDIA_A100_Tensor_Core_GPU_Performance_and_Innovation.pdf","论文/NVIDIA_GPU/01_厂商直接架构论文/2021_NVIDIA_A100_Tensor_Core_GPU_Performance_and_Innovation.pdf","7","3058075","96a0f9053da3c3978f907ee1fee324913bd6b600fec96137738b407e400d700d","通过"
"NVIDIA GPU","2022","厂商直接架构论文","NVIDIA Hopper H100 GPU Scaling Performance","IEEE Micro","Jack Choquette","NVIDIA","10.1109/mm.2023.3256796","https://hc34.hotchips.org/assets/program/conference/day1/GPU%20HPC/HC2022.NVIDIA.Choquette.vfinal01.pdf","调研-训练推理芯片调研-codex-v3","调研-训练推理芯片调研-codex-v3/论文/NVIDIA_GPU/01_厂商直接架构论文/2022_NVIDIA_Hopper_H100_GPU_HotChips34.pdf","论文/NVIDIA_GPU/01_厂商直接架构论文/2022_NVIDIA_Hopper_H100_GPU_HotChips34.pdf","46","9072066","2b974db4a313e255ee4e5885a3dd01424e0723fd5c89163aee42ae4e1bc75c5c","通过"
"NVIDIA GPU","2023","厂商直接架构论文","NVIDIA Hopper H100 GPU: Scaling Performance","IEEE Micro","Jack Choquette","NVIDIA","10.1109/MM.2023.3256796","https://doi.org/10.1109/MM.2023.3256796","调研-训练推理芯片调研-codex-v3","调研-训练推理芯片调研-codex-v3/论文/NVIDIA_GPU/01_厂商直接架构论文/2023_NVIDIA_Hopper_H100_GPU_IEEE_Micro.pdf","论文/NVIDIA_GPU/01_厂商直接架构论文/2023_NVIDIA_Hopper_H100_GPU_IEEE_Micro.pdf","9","1329070","234570fa695217139fc891bfb22a8ed252eb8b4de40030cb32c529283db06fbd","通过"
"NVIDIA GPU","2024","厂商直接架构论文","NVIDIA Blackwell Platform Advancing Generative AI and Accelerated Computing","2024 IEEE Hot Chips 36 Symposium (HCS)","Ajay Tirumala；Raymond Wong","NVIDIA","10.1109/HCS61935.2024.10665247","https://hc2024.hotchips.org/assets/program/conference/day1/64_HC2024.NVIDIA.TirumalaWong.pdf","调研-训练推理芯片调研-codex-v3","调研-训练推理芯片调研-codex-v3/论文/NVIDIA_GPU/01_厂商直接架构论文/2024_NVIDIA_Blackwell_Platform_HotChips36.pdf","论文/NVIDIA_GPU/01_厂商直接架构论文/2024_NVIDIA_Blackwell_Platform_HotChips36.pdf","33","9784900","fb50b2953769348cdb18175dc7d4b2b5e3b8fc4c27bd4449ea3a0f5a1dd1911f","通过"
"NVIDIA GPU","2017","独立逆向与微基准","Dissecting GPU Memory Hierarchy Through Microbenchmarking","IEEE Transactions on Parallel and Distributed Systems","Xinxin Mei；Xiaowen Chu","香港浸会大学","10.1109/TPDS.2016.2549523","https://arxiv.org/pdf/1509.02308","调研-训练推理芯片调研-codex-v3","调研-训练推理芯片调研-codex-v3/论文/NVIDIA_GPU/02_独立逆向与微基准/2017_Dissecting_GPU_Memory_Hierarchy.pdf","论文/NVIDIA_GPU/02_独立逆向与微基准/2017_Dissecting_GPU_Memory_Hierarchy.pdf","14","876207","d6afb561a62f81341194c171af5b7bfa267d4defd727afd9a35531126fd7862a","通过"
"NVIDIA GPU","2017","独立逆向与微基准","Understanding the GPU Microarchitecture to Achieve Bare-Metal Performance Tuning","Proceedings of the 22nd ACM SIGPLAN Symposium on Principles and Practice of Parallel Programming","Xiuxia Zhang；Guangming Tan；Shuangbai Xue；Jiajia Li；Keren Zhou；Mingyu Chen","Chinese Academy of Sciences, Beijing, China；Georgia Institute of Technology, Atlanta, GA, USA","10.1145/3018743.3018755","https://fruitfly1026.github.io/static/files/p31-zhang.pdf","调研-训练推理芯片调研-codex-v3","调研-训练推理芯片调研-codex-v3/论文/NVIDIA_GPU/02_独立逆向与微基准/2017_Understanding_GPU_Microarchitecture_Bare_Metal_Performance.pdf","论文/NVIDIA_GPU/02_独立逆向与微基准/2017_Understanding_GPU_Microarchitecture_Bare_Metal_Performance.pdf","13","960963","683dbc0a6c8aa27c420e4412ee7593bf4abff9fa94b4a7a6925b419c9f6ea03d","通过"
"NVIDIA GPU","2018","独立逆向与微基准","Dissecting the NVIDIA Volta GPU Architecture via Microbenchmarking","arXiv 技术报告","当前清单未完整著录","Citadel 高性能计算研发团队","","https://arxiv.org/pdf/1804.06826","调研-训练推理芯片调研-codex-v3","调研-训练推理芯片调研-codex-v3/论文/NVIDIA_GPU/02_独立逆向与微基准/2018_Dissecting_NVIDIA_Volta_GPU.pdf","论文/NVIDIA_GPU/02_独立逆向与微基准/2018_Dissecting_NVIDIA_Volta_GPU.pdf","66","1518527","9d731e35c13ffc579e309015b3703e28a898fc72b14d1dacc388d3d4c0d97088","通过"
"NVIDIA GPU","2018","独立逆向与微基准","NVIDIA Tensor Core Programmability Performance and Precision","2018 IEEE International Parallel and Distributed Processing Symposium Workshops (IPDPSW)","Stefano Markidis；Steven Wei Der Chien；Erwin Laure；Ivy Bo Peng；Jeffrey S. Vetter","瑞典皇家理工学院；橡树岭国家实验室","10.1109/IPDPSW.2018.00091","https://arxiv.org/pdf/1803.04014","调研-训练推理芯片调研-codex-v3","调研-训练推理芯片调研-codex-v3/论文/NVIDIA_GPU/02_独立逆向与微基准/2018_NVIDIA_Tensor_Core_Programmability_Performance_Precision.pdf","论文/NVIDIA_GPU/02_独立逆向与微基准/2018_NVIDIA_Tensor_Core_Programmability_Performance_Precision.pdf","12","715884","1e8e2b40587d539ee775b0a784f3da13b6df20af5ad0dfec038716effbfd068c","通过"
"NVIDIA GPU","2019","独立逆向与微基准","Decoding CUDA Binary","2019 IEEE/ACM International Symposium on Code Generation and Optimization (CGO)","Ari B. Hayes；Fei Hua；Jin Huang；Yanhao Chen；Eddy Z. Zhang","罗格斯大学","10.1109/CGO.2019.8661186","https://people.cs.rutgers.edu/zz124/assets/pdf/cgo19.pdf","调研-训练推理芯片调研-codex-v3","调研-训练推理芯片调研-codex-v3/论文/NVIDIA_GPU/02_独立逆向与微基准/2019_Decoding_CUDA_Binary.pdf","论文/NVIDIA_GPU/02_独立逆向与微基准/2019_Decoding_CUDA_Binary.pdf","13","272362","77dabf8c7752a94d99010d61dd7c72e6124b834eeed38dc146b945a06228ed77","通过"
"NVIDIA GPU","2019","独立逆向与微基准","Dissecting the NVIDIA Turing T4 GPU via Microbenchmarking","arXiv 技术报告","当前清单未完整著录","Citadel 高性能计算研发团队","","https://arxiv.org/pdf/1903.07486","调研-训练推理芯片调研-codex-v3","调研-训练推理芯片调研-codex-v3/论文/NVIDIA_GPU/02_独立逆向与微基准/2019_Dissecting_NVIDIA_Turing_T4_GPU.pdf","论文/NVIDIA_GPU/02_独立逆向与微基准/2019_Dissecting_NVIDIA_Turing_T4_GPU.pdf","65","3933820","40e964d0287b00ea5ae42a2c5419d896b417b974d96d2214006c4654eb220d8b","通过"
"NVIDIA GPU","2019","独立逆向与微基准","Experimental Analysis of Matrix Multiplication Functional Units","2019 IEEE 26th Symposium on Computer Arithmetic (ARITH)","Brian Hickmann；Dennis Bradford","Intel","10.1109/ARITH.2019.00031","https://doi.org/10.1109/ARITH.2019.00031","调研-训练推理芯片调研-codex-v3","调研-训练推理芯片调研-codex-v3/论文/NVIDIA_GPU/02_独立逆向与微基准/2019_Experimental_Analysis_Matrix_Multiplication_Functional_Units.pdf","论文/NVIDIA_GPU/02_独立逆向与微基准/2019_Experimental_Analysis_Matrix_Multiplication_Functional_Units.pdf","4","186423","d3ab7c5a0658c64f1607d00329f41e5d0f5d4a1e86b6c4b4631f492412533bab","通过"
"NVIDIA GPU","2019","独立逆向与微基准","Low Overhead Instruction Latency Characterization for NVIDIA GPGPUs","2019 IEEE High Performance Extreme Computing Conference (HPEC)","Yehia Arafa；Abdel-Hameed A. Badawy；Gopinath Chennupati；Nandakishore Santhi；Stephan Eidenbenz","新墨西哥州立大学；洛斯阿拉莫斯国家实验室","10.1109/hpec.2019.8916466","https://arxiv.org/pdf/1905.08778","调研-训练推理芯片调研-codex-v3","调研-训练推理芯片调研-codex-v3/论文/NVIDIA_GPU/02_独立逆向与微基准/2019_Low_Overhead_Instruction_Latency_Characterization.pdf","论文/NVIDIA_GPU/02_独立逆向与微基准/2019_Low_Overhead_Instruction_Latency_Characterization.pdf","8","517924","644b0cdeb1beed3d9853a0b4b3262c5acf3542fbb83e7854475bff6ac7ade9b7","通过"
"NVIDIA GPU","2020","独立逆向与微基准","Demystifying Tensor Cores to Optimize Half-Precision Matrix Multiply","2020 IEEE International Parallel and Distributed Processing Symposium (IPDPS)","Da Yan；Wei Wang；Xiaowen Chu","香港科技大学；香港浸会大学","10.1109/IPDPS47924.2020.00071","https://doi.org/10.1109/IPDPS47924.2020.00071","调研-训练推理芯片调研-codex-v3","调研-训练推理芯片调研-codex-v3/论文/NVIDIA_GPU/02_独立逆向与微基准/2020_Demystifying_Tensor_Cores_Half_Precision_Matmul.pdf","论文/NVIDIA_GPU/02_独立逆向与微基准/2020_Demystifying_Tensor_Cores_Half_Precision_Matmul.pdf","10","661109","f1bb3c7d493d1e538f77f1db59b533520e6290dbcc1ebeeb5cdd961fe62e8842","通过"
"NVIDIA GPU","2020","独立逆向与微基准","Demystifying the Placement Policies of the NVIDIA GPU Thread Block Scheduler for Concurrent Kernels","ACM SIGMETRICS Performance Evaluation Review","Guin Gilman；Samuel S. Ogden；Tian Guo；Robert J. Walls","Worcester Polytechnic Institute, Worcester, MA, USA","10.1145/3453953.3453972","https://tianguo.info/project/performance-characterization-and-modeling/gpu_perf2020.pdf","调研-训练推理芯片调研-codex-v3","调研-训练推理芯片调研-codex-v3/论文/NVIDIA_GPU/02_独立逆向与微基准/2020_GPU_Thread_Block_Scheduler_Placement.pdf","论文/NVIDIA_GPU/02_独立逆向与微基准/2020_GPU_Thread_Block_Scheduler_Placement.pdf","8","287533","a31f3e5f2298e524dfb271398292db8bc83f0cbd5d3e6f70aa9866c5fa695df6","通过"
"NVIDIA GPU","2020","独立逆向与微基准","Mixed Precision Block Fused Multiply-Add Error Analysis and Application to GPU Tensor Cores","SIAM Journal on Scientific Computing","Pierre Blanchard；Nicholas J. Higham；Florent Lopez；Theo Mary；Srikara Pranesh","曼彻斯特大学","10.1137/19M1289546","https://eprints.maths.manchester.ac.uk/2750/1/paper.pdf","调研-训练推理芯片调研-codex-v3","调研-训练推理芯片调研-codex-v3/论文/NVIDIA_GPU/02_独立逆向与微基准/2020_Mixed_Precision_Block_FMA_Tensor_Cores.pdf","论文/NVIDIA_GPU/02_独立逆向与微基准/2020_Mixed_Precision_Block_FMA_Tensor_Cores.pdf","19","580347","08e62e7f979afb969aaf83febc8f10a29bab0439c4c219224ac1eb1ad02bba5e","通过"
"NVIDIA GPU","2020","独立逆向与微基准","Verified Instruction-Level Energy Consumption Measurement for NVIDIA GPUs","Proceedings of the 17th ACM International Conference on Computing Frontiers","Yehia Arafa；Ammar ElWazir；Abdelrahman ElKanishy；Youssef Aly；Ayatelrahman Elsayed；Abdel-Hameed Badawy；等","New Mexico State University；Arab Academy for Science, Technology & Maritime Transport, Egypt；Los Alamos National Laboratory","10.1145/3387902.3392613","https://arxiv.org/pdf/2002.07795","调研-训练推理芯片调研-codex-v3","调研-训练推理芯片调研-codex-v3/论文/NVIDIA_GPU/02_独立逆向与微基准/2020_Verified_Instruction_Level_GPU_Energy.pdf","论文/NVIDIA_GPU/02_独立逆向与微基准/2020_Verified_Instruction_Level_GPU_Energy.pdf","9","2495255","590996030ca52ef30b496a32a3426ed34e3d8f7fbf466a2cebd5bbeaf549a225","通过"
"NVIDIA GPU","2021","独立逆向与微基准","Network-on-Chip Microarchitecture-based Covert Channel in GPUs","MICRO-54: 54th Annual IEEE/ACM International Symposium on Microarchitecture","Jaeguk Ahn；Jiho Kim；Hans Kasan；Leila Delshadtehrani；Wonjun Song；Ajay Joshi；等","KAIST, Republic of Korea；Boston University, USA；Kangwon University, Republic of Korea","10.1145/3466752.3480093","https://people.bu.edu/joshi/files/Ahn_Micro_2021.pdf","调研-训练推理芯片调研-codex-v3","调研-训练推理芯片调研-codex-v3/论文/NVIDIA_GPU/02_独立逆向与微基准/2021_GPU_NoC_Microarchitecture_Covert_Channel.pdf","论文/NVIDIA_GPU/02_独立逆向与微基准/2021_GPU_NoC_Microarchitecture_Covert_Channel.pdf","13","3225667","5eac833ef5a160486c628f8065c81b71a8b057f23dd68988fc117b4e329792f7","通过"
"NVIDIA GPU","2021","独立逆向与微基准","Numerical Behavior of NVIDIA Tensor Cores","PeerJ Computer Science","Massimiliano Fasi；Nicholas J. Higham；Mantas Mikaitis；Srikara Pranesh","School of Science and Technology, Örebro University, Örebro, Sweden；Department of Mathematics, University of Manchester, Manchester, UK","10.7717/peerj-cs.330","https://peerj.com/articles/cs-330.pdf","调研-训练推理芯片调研-codex-v3","调研-训练推理芯片调研-codex-v3/论文/NVIDIA_GPU/02_独立逆向与微基准/2021_Numerical_Behavior_NVIDIA_Tensor_Cores.pdf","论文/NVIDIA_GPU/02_独立逆向与微基准/2021_Numerical_Behavior_NVIDIA_Tensor_Cores.pdf","19","1486112","d68064fd35aea34dde73f70ddb7cfcf7fe68018451709f7bdf4df9947cda9bbc","通过"
"NVIDIA GPU","2022","独立逆向与微基准","Demystifying the NVIDIA Ampere Architecture through Microbenchmarking and Instruction-level Analysis","2022 IEEE High Performance Extreme Computing Conference (HPEC)","Hamdy Abdelkhalik；Yehia Arafa；Nandakishore Santhi；Abdel-Hameed A. Badawy","Klipsch School of ECE, New Mexico State University；Los Alamos National Laboratory,Information Sciences Group","10.1109/HPEC55821.2022.9926299","https://arxiv.org/pdf/2208.11174","调研-训练推理芯片调研-codex-v3","调研-训练推理芯片调研-codex-v3/论文/NVIDIA_GPU/02_独立逆向与微基准/2022_Demystifying_NVIDIA_Ampere_Architecture.pdf","论文/NVIDIA_GPU/02_独立逆向与微基准/2022_Demystifying_NVIDIA_Ampere_Architecture.pdf","8","285169","86013d806532a281e7878415cc1a55aa426f8fbd8ae0e9dc02285882fbdd8227","通过"
"NVIDIA GPU","2022","独立逆向与微基准","Isolating GPU Architectural Features Using Parallelism-Aware Microbenchmarks","Proceedings of the 2022 ACM/SPEC on International Conference on Performance Engineering","Rico van Stigt；Stephen Nicholas Swatman；Ana-Lucia Varbanescu","University of Amsterdam, Amsterdam, Netherlands","10.1145/3489525.3511673","https://research.spec.org/icpe_proceedings/2022/proceedings/p77.pdf","调研-训练推理芯片调研-codex-v3","调研-训练推理芯片调研-codex-v3/论文/NVIDIA_GPU/02_独立逆向与微基准/2022_Isolating_GPU_Architectural_Features.pdf","论文/NVIDIA_GPU/02_独立逆向与微基准/2022_Isolating_GPU_Architectural_Features.pdf","12","1681572","93052d67af0cefda3347feb223488ab9c0dd2ce45d538a4bf0195be73a9892ca","通过"
"NVIDIA GPU","2023","独立逆向与微基准","Dissecting Tensor Cores via Microbenchmarks Latency Throughput and Numeric Behaviors","IEEE Transactions on Parallel and Distributed Systems","Wei Sun；Ang Li；Tong Geng；Sander Stuijk；Henk Corporaal","Electronic System Group, Eindhoven University of Technology, Eindhoven, AZ, The Netherlands；Physical and Computational Sciences Directorate, Pacific Northwest National Laboratory, Richland, WA, USA","10.1109/TPDS.2022.3217824","https://arxiv.org/pdf/2206.02874","调研-训练推理芯片调研-codex-v3","调研-训练推理芯片调研-codex-v3/论文/NVIDIA_GPU/02_独立逆向与微基准/2023_Dissecting_Tensor_Cores_Microbenchmarks.pdf","论文/NVIDIA_GPU/02_独立逆向与微基准/2023_Dissecting_Tensor_Cores_Microbenchmarks.pdf","16","3221296","77c798313c3c884111f0bd0661cafc084ae607c8f80b78b9806e320d7b294710","通过"
"NVIDIA GPU","2023","独立逆向与微基准","TunneLs for Bootlegging Fully Reverse-Engineering GPU TLBs for Challenging Isolation Guarantees of NVIDIA MIG","Proceedings of the 2023 ACM SIGSAC Conference on Computer and Communications Security","Zhenkai Zhang；Tyler Allen；Fan Yao；Xing Gao；Rong Ge","Clemson University, Clemson, SC, USA；University of North Carolina at Charlotte, Charlotte, NC, USA；University of Central Florida, Orlando, FL, USA；University of Delaware, Newark, DE, USA","10.1145/3576915.3616672","https://xgao-work.github.io/paper/ccs23.pdf","调研-训练推理芯片调研-codex-v3","调研-训练推理芯片调研-codex-v3/论文/NVIDIA_GPU/02_独立逆向与微基准/2023_TunneLs_GPU_TLBs_NVIDIA_MIG.pdf","论文/NVIDIA_GPU/02_独立逆向与微基准/2023_TunneLs_GPU_TLBs_NVIDIA_MIG.pdf","15","1260630","6cc780a9a7aba8d32608c55e2943d997c575dcff9c0e5624d8e2ee6dc394e7df","通过"
"NVIDIA GPU","2024","独立逆向与微基准","Enabling Full-Speed Random Access to the Entire Memory on the A100 GPU","arXiv 预印本","当前清单未完整著录","当前版本首页未列作者单位","","https://arxiv.org/pdf/2405.11425","调研-训练推理芯片调研-codex-v3","调研-训练推理芯片调研-codex-v3/论文/NVIDIA_GPU/02_独立逆向与微基准/2024_A100_Full_Speed_Random_Access_Memory.pdf","论文/NVIDIA_GPU/02_独立逆向与微基准/2024_A100_Full_Speed_Random_Access_Memory.pdf","6","587055","6ca888b92691f06de9d5d15b268f2e2c738c9f0ef44441e6fd785f65a113a8a9","通过"
"NVIDIA GPU","2024","独立逆向与微基准","Benchmarking and Dissecting the NVIDIA Hopper GPU Architecture","2024 IEEE International Parallel and Distributed Processing Symposium (IPDPS)","Weile Luo；Ruibo Fan；Zeyu Li；Dayou Du；Qiang Wang；Xiaowen Chu","The Hong Kong University of Science and Technology,Guangzhou；Harbin Institute of Technology,Shenzhen","10.1109/IPDPS57955.2024.00064","https://arxiv.org/pdf/2402.13499","调研-训练推理芯片调研-codex-v3","调研-训练推理芯片调研-codex-v3/论文/NVIDIA_GPU/02_独立逆向与微基准/2024_Benchmarking_Dissecting_NVIDIA_Hopper.pdf","论文/NVIDIA_GPU/02_独立逆向与微基准/2024_Benchmarking_Dissecting_NVIDIA_Hopper.pdf","12","537110","6ce81fecf9c4a9d2edb2eaf476af97ec65b7107ec1293b506bd3a4d696e1ff78","通过"
"NVIDIA GPU","2024","独立逆向与微基准","Benchmarking Thread Block Cluster","2024 IEEE High Performance Extreme Computing Conference (HPEC)","Tim Lühnen；Tobias Marschner；Sohan Lal","Hamburg University of Technology,Massively Parallel Systems Group,Hamburg,Germany","10.1109/HPEC62836.2024.10938416","https://tore.tuhh.de/bitstreams/f19e2bfe-f059-499b-b473-d9f00f78d01d/download","调研-训练推理芯片调研-codex-v3","调研-训练推理芯片调研-codex-v3/论文/NVIDIA_GPU/02_独立逆向与微基准/2024_Benchmarking_Thread_Block_Cluster.pdf","论文/NVIDIA_GPU/02_独立逆向与微基准/2024_Benchmarking_Thread_Block_Cluster.pdf","7","448225","94ad0e69f8fb6f4cfa9a02df7facde68e54b2561b8eb647427cb0f5f4190df14","通过"
"NVIDIA GPU","2024","独立逆向与微基准","Control Flow Management in Modern GPUs","arXiv 预印本","当前清单未完整著录","加泰罗尼亚理工大学（UPC）","","https://arxiv.org/pdf/2407.02944","调研-训练推理芯片调研-codex-v3","调研-训练推理芯片调研-codex-v3/论文/NVIDIA_GPU/02_独立逆向与微基准/2024_Control_Flow_Management_Modern_GPUs.pdf","论文/NVIDIA_GPU/02_独立逆向与微基准/2024_Control_Flow_Management_Modern_GPUs.pdf","13","709693","49f514ab8e267d36388585321faea2e2395836b56cd2f9c207df13c39aed1544","通过"
"NVIDIA GPU","2024","独立逆向与微基准","Demystifying NVIDIA GPU Internals to Enable Reliable GPU Management","2024 IEEE 30th Real-Time and Embedded Technology and Applications Symposium (RTAS)","Joshua Bakita；James H. Anderson","University of North Carolina,Department of Computer Science,Chapel Hill","10.1109/RTAS61025.2024.00031","https://www.cs.unc.edu/~jbakita/rtas24-private.pdf","调研-训练推理芯片调研-codex-v3","调研-训练推理芯片调研-codex-v3/论文/NVIDIA_GPU/02_独立逆向与微基准/2024_Demystifying_NVIDIA_GPU_Internals_Management.pdf","论文/NVIDIA_GPU/02_独立逆向与微基准/2024_Demystifying_NVIDIA_GPU_Internals_Management.pdf","12","835531","6a68056af8cb1224701e688f99cda1aedf66df2073002ecd870c9932d9d816e5","通过"
"NVIDIA GPU","2024","独立逆向与微基准","FTTN Feature-Targeted Testing for Numerical Properties of NVIDIA and AMD Matrix Accelerators","2024 IEEE 24th International Symposium on Cluster, Cloud and Internet Computing (CCGrid)","Xinyi Li；Ang Li；Bo Fang；Katarzyna Swirydowicz；Ignacio Laguna；Ganesh Gopalakrishnan","University of Utah,Kahlert School of Computing；Pacific Northwest National Laboratory；Lawrence Livermore National Lab Laboratory","10.1109/CCGrid59990.2024.00014","https://arxiv.org/pdf/2403.00232","调研-训练推理芯片调研-codex-v3","调研-训练推理芯片调研-codex-v3/论文/NVIDIA_GPU/02_独立逆向与微基准/2024_FTTN_Numerical_Properties_Matrix_Accelerators.pdf","论文/NVIDIA_GPU/02_独立逆向与微基准/2024_FTTN_Numerical_Properties_Matrix_Accelerators.pdf","10","2185643","bcc23b21e1e0bff3ffec8f85ee5262e49ddc26737db19e188ae766c8f5ff48dc","通过"
"NVIDIA GPU","2024","独立逆向与微基准","Harnessing Integrated CPU-GPU System Memory for HPC A First Look into Grace Hopper","Proceedings of the 53rd International Conference on Parallel Processing","Gabin Schieffer；Jacob Wahlgren；Jie Ren；Jennifer Faj；Ivy Peng","KTH Royal Institute of Technology, Sweden；William & Mary, United States of America","10.1145/3673038.3673110","https://arxiv.org/pdf/2407.07850","调研-训练推理芯片调研-codex-v3","调研-训练推理芯片调研-codex-v3/论文/NVIDIA_GPU/02_独立逆向与微基准/2024_First_Look_Grace_Hopper_Unified_Memory.pdf","论文/NVIDIA_GPU/02_独立逆向与微基准/2024_First_Look_Grace_Hopper_Unified_Memory.pdf","11","978957","3809a0b48fd3b25516d36a927c197b1cd642718c9749655d9c353a261249f01d","通过"
"NVIDIA GPU","2024","独立逆向与微基准","Uncovering Real GPU NoC Characteristics Implications on Interconnect Architecture","2024 57th IEEE/ACM International Symposium on Microarchitecture (MICRO)","Zhixian Jin；Christopher Rocca；Jiho Kim；Hans Kasan；Minsoo Rhu；Ali Bakhoda；等","KAIST,Daejeon,Republic of Korea；Microsoft,Bellevue,WA,USA；University of British Columbia,Vancouver,Canada","10.1109/MICRO61859.2024.00070","https://people.ece.ubc.ca/aamodt/publications/papers/realgpu-noc.micro2024.pdf","调研-训练推理芯片调研-codex-v3","调研-训练推理芯片调研-codex-v3/论文/NVIDIA_GPU/02_独立逆向与微基准/2024_Uncovering_Real_GPU_NoC_Characteristics.pdf","论文/NVIDIA_GPU/02_独立逆向与微基准/2024_Uncovering_Real_GPU_NoC_Characteristics.pdf","14","11375253","b934b461be8baeff39f4b12eedca5e1e783e584442badd9566ed756e1a9c3874","通过"
"NVIDIA GPU","2025","独立逆向与微基准","Accurate Models of NVIDIA Tensor Cores","ACM Transactions on Architecture and Code Optimization","Faizan Khattak；Mantas Mikaitis","University of Leeds；School of Computer Science, University of Leeds","10.1145/3830409","https://arxiv.org/pdf/2512.07004","调研-训练推理芯片调研-codex-v3","调研-训练推理芯片调研-codex-v3/论文/NVIDIA_GPU/02_独立逆向与微基准/2025_Accurate_Models_NVIDIA_Tensor_Cores.pdf","论文/NVIDIA_GPU/02_独立逆向与微基准/2025_Accurate_Models_NVIDIA_Tensor_Cores.pdf","25","793929","20c0594f2f91b8df7618e6d6bd00a04ee0b7bf557a5ce19d08927241f78fdee4","通过"
"NVIDIA GPU","2025","独立逆向与微基准","Dissecting and Modeling the Architecture of Modern GPU Cores","Proceedings of the 58th IEEE/ACM International Symposium on Microarchitecture","Rodrigo Huerta；Mojtaba Abaie Shoushtary；José-Lorenzo Cruz；Antonio Gonzalez","Universitat Politècnica de Catalunya, Barcelona, Spain","10.1145/3725843.3756041","https://upcommons.upc.edu/server/api/core/bitstreams/3d75bf4b-84c5-4901-a435-413ba8036f1b/content","调研-训练推理芯片调研-codex-v3","调研-训练推理芯片调研-codex-v3/论文/NVIDIA_GPU/02_独立逆向与微基准/2025_Dissecting_Modeling_Modern_GPU_Cores.pdf","论文/NVIDIA_GPU/02_独立逆向与微基准/2025_Dissecting_Modeling_Modern_GPU_Cores.pdf","16","784839","4cafbb3141c6a8523b83bb4d916e7fcbff24279ff97f04906aad4509fe731874","通过"
"NVIDIA GPU","2025","独立逆向与微基准","Dissecting the NVIDIA Blackwell Architecture with Microbenchmarks","2025 IEEE 32nd International Conference on High Performance Computing, Data and Analytics Workshop (HiPCW)","Aaron Jarmusch；Nathan Graddon；Sunita Chandrasekaran","特拉华大学","10.1109/hipcw66559.2025.00109","https://arxiv.org/pdf/2507.10789","调研-训练推理芯片调研-codex-v3","调研-训练推理芯片调研-codex-v3/论文/NVIDIA_GPU/02_独立逆向与微基准/2025_Dissecting_NVIDIA_Blackwell_GB203.pdf","论文/NVIDIA_GPU/02_独立逆向与微基准/2025_Dissecting_NVIDIA_Blackwell_GB203.pdf","11","1622021","4a275aefc53f04da6fb016b2dce3cc9671aa6eaea6cd7f4c7a449976b63507c5","通过"
"NVIDIA GPU","2025","独立逆向与微基准","Dissecting the NVIDIA Hopper Architecture through Microbenchmarking and Multiple Level Analysis","arXiv 扩展稿","当前清单未完整著录","香港科技大学（广州）；哈尔滨工业大学（深圳）","","https://arxiv.org/pdf/2501.12084","调研-训练推理芯片调研-codex-v3","调研-训练推理芯片调研-codex-v3/论文/NVIDIA_GPU/02_独立逆向与微基准/2025_Dissecting_NVIDIA_Hopper_Extended.pdf","论文/NVIDIA_GPU/02_独立逆向与微基准/2025_Dissecting_NVIDIA_Hopper_Extended.pdf","33","1300387","eb7d66d97d42f749f5a219b2a6fb652a17f000904802c1c01bb546b5796b67ea","通过"
"NVIDIA GPU","2025","独立逆向与微基准","Generalized Methodology for Determining Numerical Features of Hardware Floating-Point Matrix Multipliers Part I","2025 IEEE High Performance Extreme Computing Conference (HPEC)","Faizan A. Khattak；Mantas Mikaitis","University of Leeds,School of Computer Science,Leeds,UK","10.1109/HPEC67600.2025.11196657","https://eprints.whiterose.ac.uk/id/eprint/231310/1/khmi25.pdf","调研-训练推理芯片调研-codex-v3","调研-训练推理芯片调研-codex-v3/论文/NVIDIA_GPU/02_独立逆向与微基准/2025_Generalized_Methodology_Hardware_Matrix_Multipliers.pdf","论文/NVIDIA_GPU/02_独立逆向与微基准/2025_Generalized_Methodology_Hardware_Matrix_Multipliers.pdf","7","277172","0f2caef4b2276e6df9a80a2bc2cbad212706c697160aa93531f3abc7094882fb","通过"
"NVIDIA GPU","2025","独立逆向与微基准","NVBleed Covert and Side-Channel Attacks on NVIDIA Multi-GPU Interconnect","arXiv 预印本","当前清单未完整著录","加州大学河滨分校；太平洋西北国家实验室","","https://arxiv.org/pdf/2503.17847","调研-训练推理芯片调研-codex-v3","调研-训练推理芯片调研-codex-v3/论文/NVIDIA_GPU/02_独立逆向与微基准/2025_NVBleed_NVIDIA_Multi_GPU_Interconnect.pdf","论文/NVIDIA_GPU/02_独立逆向与微基准/2025_NVBleed_NVIDIA_Multi_GPU_Interconnect.pdf","14","6071424","0451986a251e1a950c4d7c17e8452e2be7befc900ac7e4cd66d202fab9dad568","通过"
"NVIDIA GPU","2025","独立逆向与微基准","An SMT Formalization of Mixed-Precision Matrix Multiplication Modeling Three Generations of Tensor Cores","Lecture Notes in Computer Science","Benjamin Valpey；Xinyi Li；Sreepathi Pai；Ganesh Gopalakrishnan","罗切斯特大学；犹他大学","10.1007/978-3-031-93706-4_21","https://arxiv.org/pdf/2502.15999","调研-训练推理芯片调研-codex-v3","调研-训练推理芯片调研-codex-v3/论文/NVIDIA_GPU/02_独立逆向与微基准/2025_SMT_Formalization_Three_Generations_Tensor_Cores.pdf","论文/NVIDIA_GPU/02_独立逆向与微基准/2025_SMT_Formalization_Three_Generations_Tensor_Cores.pdf","21","325577","78daf7493c3c06f1b78abf50952e2e1525407e7d2f39fd98710e806bd5e0db3a","通过"
"NVIDIA GPU","2026","独立逆向与微基准","Behind Bars A Side-Channel Attack on NVIDIA MIG Cache Partitioning Using Memory Barriers","USENIX Security 2026","当前清单未完整著录","罗切斯特大学；克莱姆森大学；Microsoft；加州大学圣克鲁兹分校","","https://www.usenix.org/system/files/conference/usenixsecurity26/sec26_prepub_gu-cheng.pdf","调研-训练推理芯片调研-codex-v3","调研-训练推理芯片调研-codex-v3/论文/NVIDIA_GPU/02_独立逆向与微基准/2026_Behind_Bars_NVIDIA_MIG_Cache.pdf","论文/NVIDIA_GPU/02_独立逆向与微基准/2026_Behind_Bars_NVIDIA_MIG_Cache.pdf","20","3238185","038050b59b89034eb2a97e00b38325f5a9179fb134380bb928c880d3f483f8b3","通过"
"NVIDIA GPU","2026","独立逆向与微基准","Consistency and Coherence of the NVIDIA Grace-Hopper Superchip","Proceedings of the 2026 ACM SIGPLAN International Symposium on Memory Management","Soham Bagchi；Sanya Srivastava；Reese Levine；Tyler Sorensen；Ryan Stutsman；Vijay Nagarajan","University of Utah, Kahlert School of Computing, Salt Lake City, USA；Duke University, Durham, USA；University of California at Santa Cruz, Santa Cruz, USA","10.1145/3814942.3816134","https://doi.org/10.1145/3814942.3816134","调研-训练推理芯片调研-codex-v3","调研-训练推理芯片调研-codex-v3/论文/NVIDIA_GPU/02_独立逆向与微基准/2026_Consistency_Coherence_Grace_Hopper.pdf","论文/NVIDIA_GPU/02_独立逆向与微基准/2026_Consistency_Coherence_Grace_Hopper.pdf","14","830630","6cfdfdf0d2c89962130ac285119abbc121bd39bbb0feffa8a59ec53e536a3ba9","通过"
"NVIDIA GPU","2026","独立逆向与微基准","Hawkeye Reproducing GPU-Level Non-Determinism","arXiv 预印本","当前清单未完整著录","Pearl Research Labs；斯坦福大学","","https://arxiv.org/pdf/2603.20421","调研-训练推理芯片调研-codex-v3","调研-训练推理芯片调研-codex-v3/论文/NVIDIA_GPU/02_独立逆向与微基准/2026_Hawkeye_GPU_Non_Determinism.pdf","论文/NVIDIA_GPU/02_独立逆向与微基准/2026_Hawkeye_GPU_Non_Determinism.pdf","13","406820","4e9ea2ca68f9be74e8f93e0eb530db501f9e226ba5b185750685f20ed4f9b4a5","通过"
"NVIDIA GPU","2026","独立逆向与微基准","Microbenchmarking NVIDIA Blackwell Architecture An In-depth Architectural Analysis","2026 IEEE International Parallel and Distributed Processing Symposium (IPDPS)","Aaron Jarmusch；Sunita Chandrasekaran","特拉华大学","10.1109/ipdps65963.2026.00087","https://arxiv.org/pdf/2512.02189","调研-训练推理芯片调研-codex-v3","调研-训练推理芯片调研-codex-v3/论文/NVIDIA_GPU/02_独立逆向与微基准/2026_Microbenchmarking_NVIDIA_Blackwell_B200.pdf","论文/NVIDIA_GPU/02_独立逆向与微基准/2026_Microbenchmarking_NVIDIA_Blackwell_B200.pdf","11","424538","0a946b982cc39487576cafbf5f5a7f77df92ebde398a1bb2018b6ea3e9c04b2e","通过"
"NVIDIA GPU","2026","独立逆向与微基准","NVLift Lifting NVIDIA GPU Assembly to LLVM IR for Downstream Security Applications","Binary Analysis Research Workshop（BAR 2026）","当前清单未完整著录","普渡大学","10.14722/bar.2026.230028","https://www.ndss-symposium.org/wp-content/uploads/bar2026-28.pdf","调研-训练推理芯片调研-codex-v3","调研-训练推理芯片调研-codex-v3/论文/NVIDIA_GPU/02_独立逆向与微基准/2026_NVLift_SASS_to_LLVM_IR.pdf","论文/NVIDIA_GPU/02_独立逆向与微基准/2026_NVLift_SASS_to_LLVM_IR.pdf","12","594472","a798f66d96b456775f433102a34c2964efa197eda4f615d823348a2a9d777de1","通过"
"NVIDIA GPU","2021","系统与性能补充","Characterizing Concurrency Mechanisms for NVIDIA GPUs under Deep Learning Workloads","Performance Evaluation","Guin Gilman；Robert J. Walls","伍斯特理工学院","10.1016/j.peva.2021.102234","https://arxiv.org/pdf/2110.00459","调研-训练推理芯片调研-codex-v3","调研-训练推理芯片调研-codex-v3/论文/NVIDIA_GPU/03_系统与性能补充/2021_Concurrency_Mechanisms_NVIDIA_GPUs_DL.pdf","论文/NVIDIA_GPU/03_系统与性能补充/2021_Concurrency_Mechanisms_NVIDIA_GPUs_DL.pdf","21","2338745","d2d8b6bf2732513fc653615d797ae3e8148d9c07dbcf3e5cbad4771d6d027c16","通过"
"NVIDIA GPU","2024","系统与性能补充","Automatic BLAS Offloading on Unified Memory Architecture A Study on NVIDIA Grace-Hopper","Practice and Experience in Advanced Research Computing 2024: Human Powered Computing","Junjie Li；Yinzhi Wang；Xiao Liang；Hang Liu","Texas Advanced Computing Center, The University of Texas at Austin, USA；Pittsburgh Supercomputing Center, Carnegie Mellon University, USA","10.1145/3626203.3670561","https://arxiv.org/pdf/2404.13195","调研-训练推理芯片调研-codex-v3","调研-训练推理芯片调研-codex-v3/论文/NVIDIA_GPU/03_系统与性能补充/2024_Automatic_BLAS_Offloading_Grace_Hopper.pdf","论文/NVIDIA_GPU/03_系统与性能补充/2024_Automatic_BLAS_Offloading_Grace_Hopper.pdf","5","125294","b659ffda7e1e28b59e1d556fe72ce37652b03ac1bce355324321bcc91b4608c5","通过"
"NVIDIA GPU","2025","系统与性能补充","Towards Memory Disaggregation via NVLink C2C","Proceedings of the 4th Workshop on Heterogeneous Composable and Disaggregated Systems","Felix Werner；Marcel Weisgut；Tilmann Rabl","波茨坦大学哈索·普拉特纳研究所","10.1145/3723851.3723853","https://hpi.de/oldsite/fileadmin/user_upload/fachgebiete/rabl/publications/2025/hcds25-Werner-GraceHopper.pdf","调研-训练推理芯片调研-codex-v3","调研-训练推理芯片调研-codex-v3/论文/NVIDIA_GPU/03_系统与性能补充/2025_NVLink_C2C_Memory_Disaggregation.pdf","论文/NVIDIA_GPU/03_系统与性能补充/2025_NVLink_C2C_Memory_Disaggregation.pdf","7","660102","f99af6c7311ab2e2a28a84e67fc77af83e42708fd2a86d502496b3dabd96b4f3","通过"
"NVIDIA GPU","2026","系统与性能补充","Microbenchmark-Driven Analytical Performance Modeling Across Modern GPU Architectures","arXiv 预印本","当前清单未完整著录","特拉华大学","","https://arxiv.org/pdf/2605.04178","调研-训练推理芯片调研-codex-v3","调研-训练推理芯片调研-codex-v3/论文/NVIDIA_GPU/03_系统与性能补充/2026_Microbenchmark_Driven_Performance_Modeling_GPUs.pdf","论文/NVIDIA_GPU/03_系统与性能补充/2026_Microbenchmark_Driven_Performance_Modeling_GPUs.pdf","11","629791","71d747026a8ee54e6f8fada7c034e7fea5fc4fec9dd6737d00c36bd479283d32","通过"
"NVIDIA GPU","2017","官方白皮书与技术资料","NVIDIA Tesla V100 GPU Architecture","NVIDIA 架构白皮书","当前清单未完整著录","NVIDIA","","https://images.nvidia.com/content/volta-architecture/pdf/volta-architecture-whitepaper.pdf","调研-训练推理芯片调研-codex-v3","调研-训练推理芯片调研-codex-v3/论文/NVIDIA_GPU/90_官方白皮书与技术资料/2017_NVIDIA_Tesla_V100_Architecture_Whitepaper.pdf","论文/NVIDIA_GPU/90_官方白皮书与技术资料/2017_NVIDIA_Tesla_V100_Architecture_Whitepaper.pdf","58","3851922","86ab6ff6b0d8633fc196f709810f20e185769af0698ec9274034119bf3feec8d","通过"
"NVIDIA GPU","2018","官方白皮书与技术资料","NVIDIA Turing GPU Architecture","NVIDIA 架构白皮书","当前清单未完整著录","NVIDIA","","https://www.nvidia.com/content/dam/en-zz/Solutions/design-visualization/technologies/turing-architecture/NVIDIA-Turing-Architecture-Whitepaper.pdf","调研-训练推理芯片调研-codex-v3","调研-训练推理芯片调研-codex-v3/论文/NVIDIA_GPU/90_官方白皮书与技术资料/2018_NVIDIA_Turing_Architecture_Whitepaper.pdf","论文/NVIDIA_GPU/90_官方白皮书与技术资料/2018_NVIDIA_Turing_Architecture_Whitepaper.pdf","86","16775220","883843cbe3eef4f4c488b6e482641c09fdccca73ae137335fbd8b8bdb55161a4","通过"
"NVIDIA GPU","2020","官方白皮书与技术资料","NVIDIA A100 Tensor Core GPU Architecture","NVIDIA 架构白皮书","当前清单未完整著录","NVIDIA","","https://images.nvidia.com/aem-dam/en-zz/Solutions/data-center/nvidia-ampere-architecture-whitepaper.pdf","调研-训练推理芯片调研-codex-v3","调研-训练推理芯片调研-codex-v3/论文/NVIDIA_GPU/90_官方白皮书与技术资料/2020_NVIDIA_A100_Architecture_Whitepaper.pdf","论文/NVIDIA_GPU/90_官方白皮书与技术资料/2020_NVIDIA_A100_Architecture_Whitepaper.pdf","82","7979890","3a800ad7668ec37037fa5870a8e3bb681b75f19668b3d11492ab9b0da0d58815","通过"
"NVIDIA GPU","2021","官方白皮书与技术资料","IEEE Micro 2021, Volume 41, Issue 2（整期复核原件）","IEEE Micro 41(2)","IEEE","IEEE","","","调研-训练推理芯片调研-codex-v3","调研-训练推理芯片调研-codex-v3/论文/NVIDIA_GPU/90_官方白皮书与技术资料/2021_IEEE_Micro_41_2_full_issue_source.pdf","论文/NVIDIA_GPU/90_官方白皮书与技术资料/2021_IEEE_Micro_41_2_full_issue_source.pdf","92","34411675","30b20043ef9d8f36e77f7ff397110088987a4c815aa67077cf7ce7854441bdae","通过"
"NVIDIA GPU","2022","官方白皮书与技术资料","NVIDIA Ada GPU Architecture","NVIDIA 架构白皮书","当前清单未完整著录","NVIDIA","","https://images.nvidia.com/aem-dam/Solutions/geforce/ada/nvidia-ada-gpu-architecture.pdf","调研-训练推理芯片调研-codex-v3","调研-训练推理芯片调研-codex-v3/论文/NVIDIA_GPU/90_官方白皮书与技术资料/2022_NVIDIA_Ada_Architecture_Whitepaper.pdf","论文/NVIDIA_GPU/90_官方白皮书与技术资料/2022_NVIDIA_Ada_Architecture_Whitepaper.pdf","41","3856537","7cbe859bf7e63e16921536042fef24788968667c967529427099e97be0805ed1","通过"
"NVIDIA GPU","2025","官方白皮书与技术资料","NVIDIA Blackwell Tuning Guide","NVIDIA 调优指南","当前清单未完整著录","NVIDIA","","https://docs.nvidia.com/cuda/archive/12.8.0/pdf/Blackwell_Tuning_Guide.pdf","调研-训练推理芯片调研-codex-v3","调研-训练推理芯片调研-codex-v3/论文/NVIDIA_GPU/90_官方白皮书与技术资料/2025_NVIDIA_Blackwell_Tuning_Guide.pdf","论文/NVIDIA_GPU/90_官方白皮书与技术资料/2025_NVIDIA_Blackwell_Tuning_Guide.pdf","20","158674","d155a5a0d01bf641d4631a9d8fcce3af97c615e8b1a5149e045256f5fcce6e91","通过"
"NVIDIA GPU","2025","官方白皮书与技术资料","NVIDIA Blackwell Architecture Technical Brief","NVIDIA 技术简报 v2.1（含 Blackwell Ultra 与 GB300）","当前清单未完整著录","NVIDIA","","https://nvdam.widen.net/s/xqt56dflgh/nvidia-blackwell-architecture-technical-brief","调研-训练推理芯片调研-codex-v3","调研-训练推理芯片调研-codex-v3/论文/NVIDIA_GPU/90_官方白皮书与技术资料/NVIDIA_Blackwell_Architecture_Technical_Brief_v2.1.pdf","论文/NVIDIA_GPU/90_官方白皮书与技术资料/NVIDIA_Blackwell_Architecture_Technical_Brief_v2.1.pdf","31","4161419","4227519debc44f7aac92719620f9161dbe1e7c2135aee57d91c1cbe32332c034","通过"
"华为昇腾/达芬奇","2019","厂商直接架构论文","DaVinci A Scalable Architecture for Neural Network Computing","2019 IEEE Hot Chips 31 Symposium (HCS)","Heng Liao；Jiajin Tu；Jing Xia；Xiping Zhou","华为","10.1109/HOTCHIPS.2019.8875654","https://old.hotchips.org/hc31/HC31_1.11_Huawei.Davinci.HengLiao_v4.0.pdf","调研-训练推理芯片调研-codex-v3","调研-训练推理芯片调研-codex-v3/论文/华为昇腾_DaVinci/01_厂商直接架构论文/2019_DaVinci_Scalable_Architecture_HotChips31.pdf","论文/华为昇腾_DaVinci/01_厂商直接架构论文/2019_DaVinci_Scalable_Architecture_HotChips31.pdf","44","2745794","c9fc6953008d96deface0b66a416cb574672131066a097d625b9f1794aa918b6","通过"
"华为昇腾/达芬奇","2021","厂商直接架构论文","Ascend A Scalable and Unified Architecture for Ubiquitous Deep Neural Network Computing","2021 IEEE International Symposium on High-Performance Computer Architecture (HPCA)","Heng Liao；Jiajin Tu；Jing Xia；Hu Liu；Xiping Zhou；Honghui Yuan；等","华为","10.1109/HPCA51647.2021.00071","https://ieeexplore.ieee.org/stampPDF/getPDF.jsp?tp=&arnumber=9407221","调研-训练推理芯片调研-codex-v3","调研-训练推理芯片调研-codex-v3/论文/华为昇腾_DaVinci/01_厂商直接架构论文/2021_Ascend_Scalable_Unified_Architecture_HPCA.pdf","论文/华为昇腾_DaVinci/01_厂商直接架构论文/2021_Ascend_Scalable_Unified_Architecture_HPCA.pdf","13","3892231","869ca2cbd9d7626d1b0eedc4f581ada774a1ab474ad26e55d2f67c01ab51bb4c","通过"
"华为昇腾/达芬奇","2020","独立逆向与微基准","Optimizing the Memory Hierarchy by Compositing Automatic Transformations on Computations and Data","2020 53rd Annual IEEE/ACM International Symposium on Microarchitecture (MICRO)","Jie Zhao；Peng Di","华为；数学工程与先进计算国家重点实验室；Inria","10.1109/MICRO50266.2020.00044","https://01.me/files/AKG/akg-micro20.pdf","调研-训练推理芯片调研-codex-v3","调研-训练推理芯片调研-codex-v3/论文/华为昇腾_DaVinci/02_独立逆向与微基准/2020_Optimizing_Memory_Hierarchy_Ascend910.pdf","论文/华为昇腾_DaVinci/02_独立逆向与微基准/2020_Optimizing_Memory_Hierarchy_Ascend910.pdf","15","368872","420dbfed236bc1c962335457d525d400696a3b43be6005c85067f12238183785","通过"
"华为昇腾/达芬奇","2021","独立逆向与微基准","AKG Automatic Kernel Generation for Neural Processing Units using Polyhedral Transformations","Proceedings of the 42nd ACM SIGPLAN International Conference on Programming Language Design and Implementation","Jie Zhao；Bojie Li；Wang Nie；Zhen Geng；Renwei Zhang；Xiong Gao；等","State Key Laboratory of Mathematical Engineering and Advanced Computing, China；Huawei Technologies, China；Huawei, China","10.1145/3453483.3454106","https://01.me/files/AKG/akg-pldi21.pdf","调研-训练推理芯片调研-codex-v3","调研-训练推理芯片调研-codex-v3/论文/华为昇腾_DaVinci/02_独立逆向与微基准/2021_AKG_Automatic_Kernel_Generation_NPUs.pdf","论文/华为昇腾_DaVinci/02_独立逆向与微基准/2021_AKG_Automatic_Kernel_Generation_NPUs.pdf","16","578487","88677f8b8cd1a4bca3b4586bdf68161eb8c13cee00659fa646ffe358f6a6950b","通过"
"华为昇腾/达芬奇","2023","独立逆向与微基准","Performance Modeling on DaVinci AI Core","Journal of Parallel and Distributed Computing","Yifeng Tang；Cho-li Wang","香港大学","10.1016/j.jpdc.2023.01.008","https://doi.org/10.1016/j.jpdc.2023.01.008","调研-训练推理芯片调研-codex-v3","调研-训练推理芯片调研-codex-v3/论文/华为昇腾_DaVinci/02_独立逆向与微基准/2023_Performance_Modeling_DaVinci_AI_Core.pdf","论文/华为昇腾_DaVinci/02_独立逆向与微基准/2023_Performance_Modeling_DaVinci_AI_Core.pdf","16","4580395","9380960c75c68a98316bb11555badc2d491d28209e1f2ff14a8fc231fe5abdc8","通过"
"华为昇腾/达芬奇","2025","独立逆向与微基准","AMLA MUL by ADD in FlashAttention Rescaling","arXiv 预印本","当前清单未完整著录","华为","","https://arxiv.org/pdf/2509.25224","调研-训练推理芯片调研-codex-v3","调研-训练推理芯片调研-codex-v3/论文/华为昇腾_DaVinci/02_独立逆向与微基准/2025_AMLA_FlashAttention_Ascend.pdf","论文/华为昇腾_DaVinci/02_独立逆向与微基准/2025_AMLA_FlashAttention_Ascend.pdf","21","1502255","f3f71cf1a08ddf907a1ec08888e3768a765704ed6a3d81d4e1b5dcc8b1be5c3b","通过"
"华为昇腾/达芬奇","2025","独立逆向与微基准","Accelerating Model Training on Ascend Chips An Industrial System for Profiling Analysis and Optimization","USENIX Annual Technical Conference（ATC 2025）","当前清单未完整著录","南京大学；鹏城实验室；华为；山东大学；北京大学","","https://www.usenix.org/system/files/atc25-zhou.pdf","调研-训练推理芯片调研-codex-v3","调研-训练推理芯片调研-codex-v3/论文/华为昇腾_DaVinci/02_独立逆向与微基准/2025_Accelerating_Model_Training_Ascend.pdf","论文/华为昇腾_DaVinci/02_独立逆向与微基准/2025_Accelerating_Model_Training_Ascend.pdf","23","1577204","790d8d26b9f47e40024fbe8b9438d7acd7fa5ff032d7f5ebc4a07c6551342d59","通过"
"华为昇腾/达芬奇","2025","独立逆向与微基准","SGEMM-cube Emulating FP32 GEMM on Ascend NPUs Using FP16 Cube Units","arXiv 预印本","当前清单未完整著录","鹏城实验室","","https://arxiv.org/pdf/2507.23387","调研-训练推理芯片调研-codex-v3","调研-训练推理芯片调研-codex-v3/论文/华为昇腾_DaVinci/02_独立逆向与微基准/2025_SGEMM_Cube_Ascend_NPUs.pdf","论文/华为昇腾_DaVinci/02_独立逆向与微基准/2025_SGEMM_Cube_Ascend_NPUs.pdf","31","765160","1db11b0264dbff152853cb7979b19535d3391b8c485220ca044d1c9c6cd1a365","通过"
"华为昇腾/达芬奇","2025","独立逆向与微基准","Squeezing Operator Performance Potential for the Ascend Architecture","Proceedings of the 30th ACM International Conference on Architectural Support for Programming Languages and Operating Systems, Volume 2","Yuhang Zhou；Zhibin Wang；Guyue Liu；Shipeng Li；Xi Lin；Zibo Wang；等","南京大学；北京大学；华为","10.1145/3676641.3716243","https://grace-liu.github.io/static/papers/25-ASPLOS-ascend.pdf","调研-训练推理芯片调研-codex-v3","调研-训练推理芯片调研-codex-v3/论文/华为昇腾_DaVinci/02_独立逆向与微基准/2025_Squeezing_Operator_Performance_Ascend.pdf","论文/华为昇腾_DaVinci/02_独立逆向与微基准/2025_Squeezing_Operator_Performance_Ascend.pdf","16","2629535","d0325adf4c72bdac6a521e39e3fcb522485ab92aecd936082f3e5c473f8e42d5","通过"
"华为昇腾/达芬奇","2026","独立逆向与微基准","W4A16 Mixed-Precision Matrix Multiplication on Decoupled Architecture","arXiv 预印本","当前清单未完整著录","北京大学；北大长沙计算与数字经济研究院","","https://arxiv.org/pdf/2601.16536","调研-训练推理芯片调研-codex-v3","调研-训练推理芯片调研-codex-v3/论文/华为昇腾_DaVinci/02_独立逆向与微基准/2026_W4A16_Mixed_Precision_Matmul_Ascend.pdf","论文/华为昇腾_DaVinci/02_独立逆向与微基准/2026_W4A16_Mixed_Precision_Matmul_Ascend.pdf","7","362925","4cc6cfbabbcb0b31c42b3df21a4cfabcce37fa8603ae4b1f76d5cfae4c8fc48e","通过"
"华为昇腾/达芬奇","2020","系统与性能补充","AIPerf Automated Machine Learning as an AI-HPC Benchmark","Big Data Mining and Analytics","Zhixiang Ren；Yongheng Liu；Tianhui Shi；Lei Xie；Yue Zhou；Jidong Zhai；等","Peng Cheng National Laboratory, Shenzhen 518000, China；Department of Computer Science and Technology, Tsinghua University, Beijing 100084, China；Institute of Computing Technology, Chinese Academy of Sciences, Beijing 100086, China","10.26599/bdma.2021.9020004","https://arxiv.org/pdf/2008.07141","调研-训练推理芯片调研-codex-v3","调研-训练推理芯片调研-codex-v3/论文/华为昇腾_DaVinci/03_系统与性能补充/2020_AIPerf_Ascend910_Benchmark.pdf","论文/华为昇腾_DaVinci/03_系统与性能补充/2020_AIPerf_Ascend910_Benchmark.pdf","11","626024","a92917b2d15ce6b9f520112e2e873161994e6c398d6e75c58983803134ad3792","通过"
"华为昇腾/达芬奇","2025","系统与性能补充","DEEPSERVE Serverless Large Language Model Serving at Scale","USENIX Annual Technical Conference（ATC 2025）","当前清单未完整著录","北京大学；华为云","","https://www.usenix.org/system/files/atc25-hu-junhao.pdf","调研-训练推理芯片调研-codex-v3","调研-训练推理芯片调研-codex-v3/论文/华为昇腾_DaVinci/03_系统与性能补充/2025_DEEPSERVE_Ascend_Cluster.pdf","论文/华为昇腾_DaVinci/03_系统与性能补充/2025_DEEPSERVE_Ascend_Cluster.pdf","17","930903","5486c4270349a54dce5ce5a32c4cebabdb4e152b383ead4396d945fa937aca9e","通过"
"华为昇腾/达芬奇","2025","系统与性能补充","Serving Large Language Models on Huawei CloudMatrix384","arXiv 预印本","当前清单未完整著录","华为","","https://arxiv.org/pdf/2506.12708","调研-训练推理芯片调研-codex-v3","调研-训练推理芯片调研-codex-v3/论文/华为昇腾_DaVinci/03_系统与性能补充/2025_Serving_LLMs_Huawei_CloudMatrix384.pdf","论文/华为昇腾_DaVinci/03_系统与性能补充/2025_Serving_LLMs_Huawei_CloudMatrix384.pdf","58","1868091","62d6e3ab37454fa1b0d90e572791394653d22b53d0b6a4e2ef9b640057997df0","通过"
"华为昇腾/达芬奇","2025","系统与性能补充","UB-Mesh A Hierarchically Localized nD-FullMesh Datacenter Network Architecture","IEEE Micro","Heng Liao；Bingyang Liu；Xianping Chen；Zhigang Guo；Chuanning Cheng；Jianbing Wang；等","华为","10.1109/mm.2025.3592688","https://arxiv.org/pdf/2503.20377","调研-训练推理芯片调研-codex-v3","调研-训练推理芯片调研-codex-v3/论文/华为昇腾_DaVinci/03_系统与性能补充/2025_UB_Mesh_Datacenter_Network_Architecture.pdf","论文/华为昇腾_DaVinci/03_系统与性能补充/2025_UB_Mesh_Datacenter_Network_Architecture.pdf","14","4660206","a24cb16aaf8270096c677b2914204d47bd17ccd428500cb73f6f637154e8b6bd","通过"
"华为昇腾/达芬奇","2026","系统与性能补充","On the Limitations of Non-GPU AI Accelerators for Large-Model Inference","arXiv 预印本","当前清单未完整著录","香港中文大学（深圳）","","https://arxiv.org/pdf/2607.08215","调研-训练推理芯片调研-codex-v3","调研-训练推理芯片调研-codex-v3/论文/华为昇腾_DaVinci/03_系统与性能补充/2026_Limitations_Non_GPU_AI_Accelerators_Ascend.pdf","论文/华为昇腾_DaVinci/03_系统与性能补充/2026_Limitations_Non_GPU_AI_Accelerators_Ascend.pdf","14","443796","b56fba51aed82381c103d5a0837f2f4618ea5bca97415a47a93c37f86fed9694","通过"
"NVIDIA GPU","2023","官方白皮书与技术资料","NVIDIA H100 Tensor Core GPU Architecture","NVIDIA Architecture Whitepaper v1.04","NVIDIA","NVIDIA","","https://nvdam.widen.net/s/lszrvk5jkm/nvidia-h100-tensor-core-hopper-whitepaper","本项目 M1 H100 试填补充","NVIDIA 官方 Widen 下载入口","论文/NVIDIA_GPU/01_厂商直接架构论文/2022_NVIDIA_H100_Tensor_Core_GPU_Architecture_Whitepaper_v1.04.pdf","71","7880278","3641614979809a027a8aabdc2e77639efb8fcd0f8dc7873a22ba2125489f5a27","通过"
"NVIDIA GPU","2024","官方白皮书与技术资料","NVIDIA H100 Tensor Core GPU Datasheet","NVIDIA Datasheet 2430615","NVIDIA","NVIDIA","","https://nvdam.widen.net/s/q6rttxs2pw/h100-datasheet-2287922","本项目 M1 H100 试填补充","NVIDIA 官方 Widen 内容直链","论文/NVIDIA_GPU/01_厂商直接架构论文/2024_NVIDIA_H100_Tensor_Core_GPU_Datasheet_2430615.pdf","3","411990","17494a1792c15c55bae2453305e265ad508987b474e9235ecbc6f7c815399b98","通过"
"NVIDIA GPU","2026","官方白皮书与技术资料","CUDA Hopper Tuning Guide","CUDA Toolkit 13.3 Documentation","NVIDIA","NVIDIA","","https://docs.nvidia.com/cuda/pdf/Hopper_Tuning_Guide.pdf","本项目 M1 H100 试填补充","NVIDIA 官方 CUDA 文档直链","论文/NVIDIA_GPU/01_厂商直接架构论文/2026_NVIDIA_CUDA_Hopper_Tuning_Guide_13.3.pdf","22","170892","25c37c679b059681cc95fc5affe5f1797afee86c13c460d9069c8366a6e5d6d4","通过"
"Groq LPU","2020","厂商直接架构论文","Think Fast: A Tensor Streaming Processor for Accelerating Deep Learning Workloads","IEEE/ACM International Symposium on Computer Architecture (ISCA 2020)","Dennis Abts 等","Groq","","https://groq.humain.ai/wp-content/uploads/2024/02/2020-Isca.pdf","本项目 M2 GHC 架构工作包","Groq/Humain 官方镜像固定 PDF","论文/Groq_LPU/01_厂商直接架构论文/2020_Groq_Think_Fast_Tensor_Streaming_Processor_ISCA.pdf","14","827538","12ceca6fd2d5bcbb854712eed027a49690475a0f746da901285be1f54b79877a","通过"
"Groq LPU","2024","官方白皮书与技术资料","GroqChip Processor Product Brief v1.7","Groq 产品简报 v1.7","Groq","Groq","","https://groq.sa/wp-content/uploads/2024/08/GroqChip%E2%84%A2-Processor-Product-Brief-v1.7.pdf","本项目 M2 GHC 架构工作包","Groq 官方地区站固定 PDF","论文/Groq_LPU/90_官方白皮书与技术资料/2024_GroqChip_Processor_Product_Brief_v1.7.pdf","2","5339271","bc6aa1f5e667d75aba689a3b336b0a6fc68f6b3a002274550b94c7b9671f5377","通过"
"AMD Instinct","2021","官方白皮书与技术资料","Introducing AMD CDNA 2 Architecture","AMD Architecture White Paper","AMD","AMD","","https://www.amd.com/content/dam/amd/en/documents/instinct-business-docs/white-papers/amd-cdna2-white-paper.pdf","本项目 M2 NVIDIA/AMD 架构工作包","审计/子代理交接/m2_staging/M2-NA-ARCH/fixed-candidates/amd-cdna2-white-paper.pdf","论文/AMD_Instinct/01_厂商直接架构论文/2021_AMD_CDNA_2_Architecture_White_Paper.pdf","17","1788074","62125a4a3f00e653556ca98c178712496b241e5c3d8a4edadee7578944c2cc6d","通过"
"AMD Instinct","2025","官方白皮书与技术资料","Introducing AMD CDNA 3 Architecture","AMD Architecture White Paper","AMD","AMD","","https://www.amd.com/content/dam/amd/en/documents/instinct-tech-docs/white-papers/amd-cdna-3-white-paper.pdf","本项目 M2 NVIDIA/AMD 架构工作包","审计/子代理交接/m2_staging/M2-NA-ARCH/fixed-candidates/amd-cdna-3-white-paper.pdf","论文/AMD_Instinct/01_厂商直接架构论文/2025_AMD_CDNA_3_Architecture_White_Paper.pdf","28","8096236","a0811d04f101f9127bd183d6e228f462b6fd988b0e0e6d263a25e4bed712f593","通过"
"AMD Instinct","2025","官方白皮书与技术资料","Introducing AMD CDNA 4 Architecture","AMD Architecture White Paper","AMD","AMD","","https://www.amd.com/content/dam/amd/en/documents/instinct-tech-docs/white-papers/amd-cdna-4-architecture-whitepaper.pdf","本项目 M2 NVIDIA/AMD 架构工作包","审计/子代理交接/m2_staging/M2-NA-ARCH/fixed-candidates/amd-cdna-4-architecture-whitepaper.pdf","论文/AMD_Instinct/01_厂商直接架构论文/2025_AMD_CDNA_4_Architecture_White_Paper.pdf","21","2703210","7ebf89edb9b82198b9edea7bb37eb7fe7c998842257eb21ef7a459a87774a4b2","通过"
"AMD Instinct","2026","官方白皮书与技术资料","Introducing AMD CDNA 5 Architecture","AMD Architecture White Paper","AMD","AMD","","https://www.amd.com/content/dam/amd/en/documents/products/technologies/cdna/amd-cdna5-whitepaper.pdf","本项目 M2 NVIDIA/AMD 架构工作包","审计/子代理交接/m2_staging/M2-NA-ARCH/fixed-candidates/amd-cdna5-whitepaper.pdf","论文/AMD_Instinct/01_厂商直接架构论文/2026_AMD_CDNA_5_Architecture_White_Paper.pdf","24","4152251","2381d60185f79989d3d5e4260c86f72504fcab256b40bb85fe4a6dd782afb3ef","通过"
"AMD Instinct","2026","厂商产品资料","AMD Instinct™ MI455X GPU","LE-93204-00 07/26; PID 5158303","AMD","AMD","","https://www.amd.com/content/dam/amd/en/documents/products/accelerators/instinct/amd-instinct-mi455x_brochure.pdf","本项目 M2 第三波 AMD 工作包","审计/子代理交接/m2_staging/M2-W3-AMD-MI455X-MODULE/fixed-candidates/amd-instinct-mi455x-brochure-2026-08-13.pdf","论文/AMD_Instinct/02_厂商产品资料/2026_AMD_Instinct_MI455X_GPU_Brochure.pdf","2","659374","6555fef1399a35f472e325dc61936d293e129735ec1e191d5fd0f3b6fa0c4208","通过"
"AMD Instinct","2026","厂商产品资料","AMD Instinct™ MI350P PCIe® Card","LE-93401-00 05/26","AMD","AMD","","https://www.amd.com/content/dam/amd/en/documents/epyc-business-docs/other/amd-instinct-mi350p-product-brochure.pdf","本项目 M2 第三波 AMD 工作包","审计/子代理交接/m2_staging/M2-W3-AMD-MI350P-CARD/fixed-candidates/amd-instinct-mi350p-product-brochure-2026-08-13.pdf","论文/AMD_Instinct/02_厂商产品资料/2026_AMD_Instinct_MI350P_PCIe_Card_Brochure.pdf","2","782486","a4e93edffc6c2a03668eef72b84d85e1d2586afb331c2228595d1549609afb29","通过"
